"gday","game","league","month","day","date","home","visitor","arena","weather","temp","spectator"
"03-01",1,"K LEAGUE 1",3,1,"화","수원 삼성","제주 Utd","수원월드컵경기장","비",8.8,4022
"03-01",2,"K LEAGUE 1",3,1,"화","성남 FC","FC 서울","탄천종합운동장","비",8.8,2393
"03-01",3,"K LEAGUE 1",3,1,"화","강원 FC","인천 Utd","강릉종합운동장","비",8.2,1559
"03-01",4,"K LEAGUE 1",3,1,"화","울산 현대","수원 FC","울산문수축구경기장","비",16.9,5260
"03-01",5,"K LEAGUE 1",3,1,"월","성남 FC","제주 Utd","탄천종합운동장","눈",8.1,1218
"03-01",6,"K LEAGUE 1",3,1,"월","울산 현대","강원 FC","울산문수축구경기장","비",16,3943
"05-01",7,"K LEAGUE 1",5,1,"토","울산 현대","광주 FC","울산문수축구경기장","비",15.2,2650
"05-01",8,"K LEAGUE 1",5,1,"토","수원 삼성","포항 스틸러스","수원월드컵경기장","비",14.2,3045
"05-01",9,"K LEAGUE 1",5,1,"토","수원 FC","대구 FC","수원종합운동장","비",14.2,570
"05-01",10,"K LEAGUE 2",5,1,"토","대전 하나 시티즌","충남 아산 FC","대전월드컵경기장","비",13.3,1323
"05-01",11,"K LEAGUE 2",5,1,"토","전남 드래곤즈","FC 안양","광양전용구장","비",13.3,691
"08-01",12,"K LEAGUE 1",8,1,"일","강원 FC","수원 삼성","춘천송암스포츠타운","비",32.6,1086
"08-01",13,"K LEAGUE 1",8,1,"일","대구 FC","포항 스틸러스","DGB대구은행파크","비",35.1,2680
"08-01",14,"K LEAGUE 1",8,1,"일","광주 FC","성남 FC","광주축구전용구장","비",32.6,740
"08-01",15,"K LEAGUE 1",8,1,"토","인천 Utd","광주 FC","인천축구전용경기장","비",25.5,1865
"08-01",16,"K LEAGUE 1",8,1,"토","성남 FC","FC 서울","탄천종합운동장","비",29.2,986
"08-01",17,"K LEAGUE 1",8,1,"토","전북 현대","포항 스틸러스","전주월드컵경기장","비",30.8,2959
"08-01",18,"K LEAGUE 2",8,1,"월","부천FC","경남 FC","부천종합운동장","비",32.8,1011
"08-01",19,"K LEAGUE 2",8,1,"월","서울 이랜드","김포 FC","목동종합운동장 주경기장","비",32.4,605
"08-01",20,"K LEAGUE 2",8,1,"일","대전 하나 시티즌","충남 아산 FC","대전월드컵경기장","비",32.2,0
"08-01",21,"K LEAGUE 2",8,1,"일","안산 그리너스","전남 드래곤즈","안산와~스타디움","비",29.1,0
"08-01",22,"K LEAGUE 2",8,1,"토","제주 Utd","전남 드래곤즈","제주월드컵경기장","구름많음",30.7,853
"08-01",23,"K LEAGUE 2",8,1,"토","수원 FC","안산 그리너스","수원종합운동장","비",29.2,242
"08-01",24,"K LEAGUE 2",8,1,"토","충남 아산 FC","대전 하나 시티즌","이순신종합운동장","비",30.4,337
"09-01",25,"K LEAGUE 1",9,1,"수","전북 현대","포항 스틸러스","전주월드컵경기장","비",26.2,0
"10-01",26,"K LEAGUE 1",10,1,"토","전북 현대","포항 스틸러스","전주월드컵경기장","구름조금",29.2,7808
"10-01",27,"K LEAGUE 1",10,1,"토","FC 서울","대구 FC","서울월드컵경기장","구름조금",27.6,7805
"10-01",28,"K LEAGUE 1",10,1,"토","인천 Utd","울산 현대","인천축구전용경기장","구름많음",22.8,9251
"10-01",29,"K LEAGUE 2",10,1,"토","김포 FC","충남 아산 FC","김포솔터축구장","구름많음",27.4,972
"10-01",30,"K LEAGUE 2",10,1,"토","FC 안양","안산 그리너스","안양종합운동장","구름많음",27.4,2235
"10-01",31,"K LEAGUE 2",10,1,"토","서울 이랜드","부천FC","목동종합운동장 주경기장","구름조금",27.6,1605
"11-01",32,"K LEAGUE 1",11,1,"일","포항 스틸러스","상주 상무","포항스틸야드","비",11.8,3280
"11-01",33,"K LEAGUE 1",11,1,"일","전북 현대","대구 FC","전주월드컵경기장","비",13.8,10251
"11-01",34,"K LEAGUE 1",11,1,"일","울산 현대","광주 FC","울산문수축구경기장","비",15.7,3478
"11-01",35,"K LEAGUE 2",11,1,"일","전남 드래곤즈","안산 그리너스","광양전용구장","비",14.7,1603
"11-01",36,"K LEAGUE 2",11,1,"일","제주 Utd","서울 이랜드","제주월드컵경기장","비",22.3,1701
"03-02",37,"K LEAGUE 1",3,2,"수","전북 현대","포항 스틸러스","전주월드컵경기장","맑음",9,2160
"03-02",38,"K LEAGUE 1",3,2,"수","대구 FC","김천상무","DGB대구은행파크","맑음",12.3,2520
"04-02",39,"K LEAGUE 1",4,2,"토","강원 FC","전북 현대","강릉종합운동장","맑음",14.9,1830
"04-02",40,"K LEAGUE 1",4,2,"토","김천상무","수원 삼성","김천종합운동장","맑음",17.6,1676
"04-02",41,"K LEAGUE 1",4,2,"토","인천 Utd","울산 현대","인천축구전용경기장","맑음",11.4,7054
"04-02",42,"K LEAGUE 1",4,2,"토","제주 Utd","대구 FC","제주월드컵경기장","구름조금",14.7,2381
"04-02",43,"K LEAGUE 1",4,2,"금","포항 스틸러스","대구 FC","포항스틸야드","흐림",19.5,2173
"04-02",44,"K LEAGUE 2",4,2,"토","전남 드래곤즈","서울 이랜드","광양전용구장","맑음",11.5,663
"04-02",45,"K LEAGUE 2",4,2,"토","부천FC","대전 하나 시티즌","부천종합운동장","맑음",13.7,1131
"04-02",46,"K LEAGUE 2",4,2,"토","FC 안양","김포 FC","안양종합운동장","맑음",13.7,2883
"05-02",47,"K LEAGUE 1",5,2,"일","인천 Utd","강원 FC","인천축구전용경기장","비",16.4,1930
"05-02",48,"K LEAGUE 1",5,2,"일","전북 현대","제주 Utd","전주월드컵경기장","비",17.9,4295
"05-02",49,"K LEAGUE 2",5,2,"일","김천상무","경남 FC","김천종합운동장","구름조금",19.2,498
"05-02",50,"K LEAGUE 2",5,2,"일","부천FC","부산 아이파크","부천종합운동장","비",17.8,615
"05-02",51,"K LEAGUE 2",5,2,"일","서울 이랜드","안산 그리너스","잠실올림픽주경기장","비",18.7,639
"07-02",52,"K LEAGUE 1",7,2,"토","성남 FC","강원 FC","탄천종합운동장","구름조금",33.7,1950
"07-02",53,"K LEAGUE 1",7,2,"토","제주 Utd","FC 서울","제주월드컵경기장","구름조금",30.7,4019
"07-02",54,"K LEAGUE 1",7,2,"토","포항 스틸러스","울산 현대","포항스틸야드","구름조금",36.3,7279
"07-02",55,"K LEAGUE 1",7,2,"토","김천상무","전북 현대","김천종합운동장","구름조금",34.8,2030
"07-02",56,"K LEAGUE 2",7,2,"토","김포 FC","광주 FC","김포솔터축구장","구름조금",33.7,1504
"07-02",57,"K LEAGUE 2",7,2,"토","부천FC","대전 하나 시티즌","부천종합운동장","구름조금",33.7,1540
"07-02",58,"K LEAGUE 2",7,2,"토","안산 그리너스","FC 안양","안산와~스타디움","구름조금",33.7,1018
"08-02",59,"K LEAGUE 1",8,2,"화","울산 현대","FC 서울","울산문수축구경기장","비",30.4,6682
"08-02",60,"K LEAGUE 1",8,2,"화","김천상무","포항 스틸러스","김천종합운동장","비",30.2,1081
"08-02",61,"K LEAGUE 1",8,2,"화","제주 Utd","성남 FC","제주월드컵경기장","비",33.5,2738
"08-02",62,"K LEAGUE 1",8,2,"일","부산 아이파크","울산 현대","부산구덕운동장","흐림",30,586
"08-02",63,"K LEAGUE 1",8,2,"일","수원 삼성","대구 FC","수원월드컵경기장","비",28.1,1577
"08-02",64,"K LEAGUE 1",8,2,"일","강원 FC","상주 상무","강릉종합운동장","비",28.2,1011
"08-02",65,"K LEAGUE 2",8,2,"일","경남 FC","FC 안양","창원축구센터","흐림",31.9,603
"08-02",66,"K LEAGUE 2",8,2,"일","서울 이랜드","부천FC","잠실올림픽주경기장","비",26.4,525
"09-02",67,"K LEAGUE 1",9,2,"금","인천 Utd","강원 FC","인천축구전용경기장","구름조금",29,4372
"09-02",68,"K LEAGUE 1",9,2,"금","수원 FC","제주 Utd","수원종합운동장","구름조금",29.7,1798
"10-02",69,"K LEAGUE 1",10,2,"일","수원 FC","김천상무","수원종합운동장","비",23.4,2319
"10-02",70,"K LEAGUE 1",10,2,"일","제주 Utd","강원 FC","제주월드컵경기장","맑음",30.6,3143
"10-02",71,"K LEAGUE 1",10,2,"토","강원 FC","전북 현대","강릉종합운동장","구름조금",24.4,1312
"10-02",72,"K LEAGUE 1",10,2,"토","인천 Utd","수원 삼성","인천축구전용경기장","구름조금",24.6,0
"10-02",73,"K LEAGUE 1",10,2,"토","수원 FC","울산 현대","수원월드컵경기장","비",26.4,0
"10-02",74,"K LEAGUE 1",10,2,"금","울산 현대","상주 상무","울산문수축구경기장","구름조금",25.7,0
"10-02",75,"K LEAGUE 2",10,2,"일","경남 FC","전남 드래곤즈","창원축구센터","구름많음",28.6,1014
"10-02",76,"K LEAGUE 2",10,2,"일","대전 하나 시티즌","광주 FC","대전월드컵경기장","비",27.6,5230
"10-02",77,"K LEAGUE 2",10,2,"토","서울 이랜드","경남 FC","잠실올림픽주경기장","구름조금",26.6,0
"10-02",78,"K LEAGUE 2",10,2,"토","김천상무","안산 그리너스","김천종합운동장","맑음",29.3,276
"10-02",79,"K LEAGUE 2",10,2,"토","FC 안양","전남 드래곤즈","안양종합운동장","비",26.4,0
"04-03",80,"K LEAGUE 1",4,3,"일","포항 스틸러스","FC 서울","포항스틸야드","맑음",17.5,5815
"04-03",81,"K LEAGUE 1",4,3,"일","수원 FC","성남 FC","수원종합운동장","맑음",16.2,2226
"04-03",82,"K LEAGUE 1",4,3,"토","FC 서울","강원 FC","서울월드컵경기장","비",18,3165
"04-03",83,"K LEAGUE 1",4,3,"토","성남 FC","울산 현대","탄천종합운동장","비",18.6,1133
"04-03",84,"K LEAGUE 1",4,3,"토","수원 삼성","전북 현대","수원월드컵경기장","비",18.6,3169
"04-03",85,"K LEAGUE 2",4,3,"일","충남 아산 FC","부산 아이파크","이순신종합운동장","맑음",17.9,5612
"04-03",86,"K LEAGUE 2",4,3,"일","경남 FC","광주 FC","밀양종합운동장","맑음",18.7,442
"04-03",87,"K LEAGUE 2",4,3,"토","부산 아이파크","안산 그리너스","부산구덕운동장","비",20,729
"04-03",88,"K LEAGUE 2",4,3,"토","충남 아산 FC","경남 FC","이순신종합운동장","비",18.2,206
"05-03",89,"K LEAGUE 2",5,3,"화","안산 그리너스","경남 FC","안산와~스타디움","맑음",20.9,588
"05-03",90,"K LEAGUE 2",5,3,"화","충남 아산 FC","FC 안양","이순신종합운동장","맑음",21.4,506
"07-03",91,"K LEAGUE 1",7,3,"일","수원 삼성","인천 Utd","수원월드컵경기장","구름조금",34.3,4325
"07-03",92,"K LEAGUE 1",7,3,"일","대구 FC","수원 FC","DGB대구은행파크","비",35.1,7325
"07-03",93,"K LEAGUE 2",7,3,"일","충남 아산 FC","부산 아이파크","이순신종합운동장","비",34.7,704
"07-03",94,"K LEAGUE 2",7,3,"일","서울 이랜드","전남 드래곤즈","목동종합운동장 주경기장","구름조금",34.2,655
"07-03",95,"K LEAGUE 2",7,3,"토","대전 하나 시티즌","김천상무","대전월드컵경기장","비",26.2,786
"08-03",96,"K LEAGUE 1",8,3,"수","강원 FC","전북 현대","춘천송암스포츠타운","비",28,2709
"08-03",97,"K LEAGUE 1",8,3,"수","인천 Utd","수원 FC","인천축구전용경기장","비",28.1,3731
"08-03",98,"K LEAGUE 1",8,3,"수","대구 FC","수원 삼성","DGB대구은행파크","비",37.1,8551
"09-03",99,"K LEAGUE 1",9,3,"토","김천상무","전북 현대","김천종합운동장","비",23.8,1273
"09-03",100,"K LEAGUE 1",9,3,"토","포항 스틸러스","대구 FC","포항스틸야드","흐림",25.2,4051
"09-03",101,"K LEAGUE 2",9,3,"토","광주 FC","김포 FC","광주축구전용구장","흐림",28.9,1825
"09-03",102,"K LEAGUE 2",9,3,"토","충남 아산 FC","부천FC","이순신종합운동장","흐림",26.7,2134
"10-03",103,"K LEAGUE 1",10,3,"월","성남 FC","수원 삼성","탄천종합운동장","비",24.5,3024
"10-03",104,"K LEAGUE 1",10,3,"일","광주 FC","포항 스틸러스","광주축구전용구장","맑음",29.9,1508
"10-03",105,"K LEAGUE 1",10,3,"일","FC 서울","대구 FC","서울월드컵경기장","맑음",28.8,0
"10-03",106,"K LEAGUE 1",10,3,"일","제주 Utd","성남 FC","제주월드컵경기장","맑음",31.1,1730
"10-03",107,"K LEAGUE 1",10,3,"토","광주 FC","대구 FC","광주축구전용구장","비",26.2,0
"10-03",108,"K LEAGUE 1",10,3,"토","전북 현대","포항 스틸러스","전주월드컵경기장","비",25.2,0
"10-03",109,"K LEAGUE 2",10,3,"일","대전 하나 시티즌","부천FC","대전한밭종합운동장","구름조금",31.2,1539
"10-03",110,"K LEAGUE 2",10,3,"일","부산 아이파크","충남 아산 FC","부산구덕운동장","맑음",28.2,1423
"10-03",111,"K LEAGUE 2",10,3,"토","안산 그리너스","수원 FC","안산와~스타디움","비",23.8,0
"10-03",112,"K LEAGUE 2",10,3,"토","서울 이랜드","경남 FC","잠실올림픽주경기장","흐림",23.2,0
"10-03",113,"K LEAGUE 2",10,3,"토","부천FC","전남 드래곤즈","부천종합운동장","비",23.8,0
"10-03",114,"K LEAGUE 2",10,3,"토","제주 Utd","FC 안양","제주월드컵경기장","흐림",25.3,0
"11-03",115,"K LEAGUE 1",11,3,"수","성남 FC","인천 Utd","탄천종합운동장","비",17,1288
"11-03",116,"K LEAGUE 1",11,3,"수","광주 FC","FC 서울","광주축구전용구장","구름조금",18.1,932
"11-03",117,"K LEAGUE 1",11,3,"수","포항 스틸러스","강원 FC","포항스틸야드","맑음",18.7,1001
"11-03",118,"K LEAGUE 2",11,3,"수","대전 하나 시티즌","전남 드래곤즈","대전한밭종합운동장","구름조금",18.7,1982
"04-04",119,"K LEAGUE 1",4,4,"일","광주 FC","인천 Utd","광주축구전용구장","비",13.2,993
"04-04",120,"K LEAGUE 1",4,4,"일","수원 FC","제주 Utd","수원종합운동장","비",15.8,514
"04-04",121,"K LEAGUE 2",4,4,"일","전남 드래곤즈","대전 하나 시티즌","광양전용구장","비",10.9,535
"04-04",122,"K LEAGUE 2",4,4,"일","김천상무","FC 안양","김천종합운동장","비",15.3,2140
"04-04",123,"K LEAGUE 2",4,4,"일","서울 이랜드","부천FC","잠실올림픽주경기장","비",15.8,601
"05-04",124,"K LEAGUE 2",5,4,"수","부천FC","부산 아이파크","부천종합운동장","맑음",25.3,864
"05-04",125,"K LEAGUE 2",5,4,"수","김포 FC","광주 FC","김포솔터축구장","맑음",25.3,975
"06-04",126,"K LEAGUE 2",6,4,"토","서울 이랜드","부천FC","목동종합운동장 주경기장","구름많음",29.7,1222
"06-04",127,"K LEAGUE 2",6,4,"토","경남 FC","김포 FC","진주종합경기장","구름많음",28.7,752
"06-04",128,"K LEAGUE 2",6,4,"토","대전 하나 시티즌","전남 드래곤즈","대전월드컵경기장","구름많음",30.6,3273
"07-04",129,"K LEAGUE 1",7,4,"토","수원 삼성","FC 서울","수원월드컵경기장","비",28.2,0
"07-04",130,"K LEAGUE 1",7,4,"토","강원 FC","부산 아이파크","강릉종합운동장","구름많음",29.5,0
"07-04",131,"K LEAGUE 1",7,4,"토","울산 현대","인천 Utd","울산문수축구경기장","흐림",22.1,0
"07-04",132,"K LEAGUE 2",7,4,"일","FC 안양","충남 아산 FC","안양종합운동장","비",24.7,762
"07-04",133,"K LEAGUE 2",7,4,"일","부천FC","부산 아이파크","부천종합운동장","비",24.7,531
"07-04",134,"K LEAGUE 2",7,4,"토","전남 드래곤즈","안산 그리너스","광양전용구장","비",21.5,0
"07-04",135,"K LEAGUE 2",7,4,"토","서울 이랜드","수원 FC","잠실올림픽주경기장","비",29.5,0
"08-04",136,"K LEAGUE 1",8,4,"수","울산 현대","대구 FC","울산문수축구경기장","맑음",33.3,2127
"08-04",137,"K LEAGUE 1",8,4,"수","포항 스틸러스","성남 FC","포항스틸야드","구름조금",33.9,978
"08-04",138,"K LEAGUE 1",8,4,"수","수원 FC","전북 현대","수원종합운동장","구름조금",33.4,0
"09-04",139,"K LEAGUE 1",9,4,"일","FC 서울","수원 삼성","서울월드컵경기장","비",24,16333
"09-04",140,"K LEAGUE 1",9,4,"일","성남 FC","울산 현대","탄천종합운동장","비",26.4,2355
"09-04",141,"K LEAGUE 1",9,4,"토","성남 FC","대구 FC","탄천종합운동장","구름조금",27.8,0
"09-04",142,"K LEAGUE 1",9,4,"금","상주 상무","수원 삼성","상주시민운동장","맑음",28.2,0
"09-04",143,"K LEAGUE 2",9,4,"일","안산 그리너스","부산 아이파크","안산와~스타디움","비",26.4,1184
"09-04",144,"K LEAGUE 2",9,4,"토","충남 아산 FC","FC 안양","이순신종합운동장","구름많음",28.5,503
"09-04",145,"K LEAGUE 2",9,4,"토","부산 아이파크","대전 하나 시티즌","부산구덕운동장","흐림",26.8,0
"09-04",146,"K LEAGUE 2",9,4,"토","김천상무","서울 이랜드","김천종합운동장","흐림",26.7,423
"10-04",147,"K LEAGUE 1",10,4,"일","FC 서울","부산 아이파크","서울월드컵경기장","구름많음",21.8,0
"10-04",148,"K LEAGUE 1",10,4,"일","강원 FC","성남 FC","강릉종합운동장","구름많음",20.6,0
"10-04",149,"K LEAGUE 1",10,4,"일","인천 Utd","수원 삼성","인천축구전용경기장","구름많음",20.6,0
"10-04",150,"K LEAGUE 2",10,4,"일","충남 아산 FC","대전 하나 시티즌","이순신종합운동장","비",21,0
"12-04",151,"K LEAGUE 1",12,4,"토","포항 스틸러스","FC 서울","포항스틸야드","맑음",7.4,3863
"12-04",152,"K LEAGUE 1",12,4,"토","광주 FC","인천 Utd","광주축구전용구장","구름조금",8.7,1178
"12-04",153,"K LEAGUE 1",12,4,"토","강원 FC","성남 FC","춘천송암스포츠타운","맑음",5.6,1081
"03-05",154,"K LEAGUE 1",3,5,"토","강원 FC","대구 FC","강릉종합운동장","맑음",8.1,1075
"03-05",155,"K LEAGUE 1",3,5,"토","인천 Utd","포항 스틸러스","인천축구전용경기장","맑음",5.2,3581
"03-05",156,"K LEAGUE 1",3,5,"토","성남 FC","수원 삼성","탄천종합운동장","맑음",6,2008
"03-05",157,"K LEAGUE 2",3,5,"토","안산 그리너스","서울 이랜드","안산와~스타디움","맑음",6,533
"03-05",158,"K LEAGUE 2",3,5,"토","부산 아이파크","대전 하나 시티즌","부산아시아드주경기장","맑음",13.9,2304
"04-05",159,"K LEAGUE 1",4,5,"화","제주 Utd","울산 현대","제주월드컵경기장","구름조금",17.8,2504
"04-05",160,"K LEAGUE 1",4,5,"화","대구 FC","인천 Utd","DGB대구은행파크","구름많음",21.5,3009
"04-05",161,"K LEAGUE 1",4,5,"화","수원 삼성","전북 현대","수원월드컵경기장","구름많음",16.4,3275
"04-05",162,"K LEAGUE 2",4,5,"화","부천FC","서울 이랜드","부천종합운동장","구름많음",16.4,613
"04-05",163,"K LEAGUE 2",4,5,"화","전남 드래곤즈","대전 하나 시티즌","광양전용구장","구름많음",14.7,525
"05-05",164,"K LEAGUE 1",5,5,"목","수원 삼성","울산 현대","수원월드컵경기장","맑음",24.8,11418
"05-05",165,"K LEAGUE 1",5,5,"목","성남 FC","제주 Utd","탄천종합운동장","맑음",24.8,2073
"05-05",166,"K LEAGUE 1",5,5,"목","전북 현대","FC 서울","전주월드컵경기장","맑음",26.4,12024
"05-05",167,"K LEAGUE 1",5,5,"목","포항 스틸러스","대구 FC","포항스틸야드","맑음",27.2,9926
"05-05",168,"K LEAGUE 1",5,5,"목","수원 FC","인천 Utd","수원종합운동장","맑음",24.8,3794
"05-05",169,"K LEAGUE 1",5,5,"목","김천상무","강원 FC","김천종합운동장","맑음",27,1971
"05-05",170,"K LEAGUE 2",5,5,"수","FC 안양","부천FC","안양종합운동장","비",18.2,573
"05-05",171,"K LEAGUE 2",5,5,"수","서울 이랜드","경남 FC","잠실올림픽주경기장","비",18.4,889
"05-05",172,"K LEAGUE 2",5,5,"수","대전 하나 시티즌","전남 드래곤즈","대전월드컵경기장","비",20.9,3388
"05-05",173,"K LEAGUE 2",5,5,"수","김천상무","부산 아이파크","김천종합운동장","비",23.4,528
"06-05",174,"K LEAGUE 1",6,5,"금","인천 Utd","강원 FC","인천축구전용경기장","구름많음",24.4,0
"06-05",175,"K LEAGUE 2",6,5,"일","광주 FC","충남 아산 FC","광주축구전용구장","비",22.8,660
"06-05",176,"K LEAGUE 2",6,5,"일","부산 아이파크","안산 그리너스","부산아시아드주경기장","비",19.1,916
"06-05",177,"K LEAGUE 2",6,5,"토","전남 드래곤즈","서울 이랜드","광양전용구장","구름조금",24.1,947
"06-05",178,"K LEAGUE 2",6,5,"토","부산 아이파크","경남 FC","부산구덕운동장","구름조금",23.3,2045
"06-05",179,"K LEAGUE 2",6,5,"토","부천FC","충남 아산 FC","부천종합운동장","구름조금",25.9,513
"07-05",180,"K LEAGUE 1",7,5,"화","김천상무","제주 Utd","김천종합운동장","흐림",32.9,557
"07-05",181,"K LEAGUE 1",7,5,"화","울산 현대","강원 FC","울산문수축구경기장","구름많음",30,3344
"07-05",182,"K LEAGUE 1",7,5,"화","성남 FC","포항 스틸러스","탄천종합운동장","구름많음",32.8,804
"07-05",183,"K LEAGUE 1",7,5,"일","성남 FC","포항 스틸러스","탄천종합운동장","구름많음",28.1,0
"07-05",184,"K LEAGUE 1",7,5,"일","상주 상무","전북 현대","상주시민운동장","구름많음",28.5,0
"07-05",185,"K LEAGUE 1",7,5,"일","광주 FC","대구 FC","광주축구전용구장","구름많음",26.4,0
"07-05",186,"K LEAGUE 2",7,5,"화","대전 하나 시티즌","안산 그리너스","대전월드컵경기장","구름많음",33.7,1098
"07-05",187,"K LEAGUE 2",7,5,"화","광주 FC","부천FC","광주축구전용구장","비",32,487
"07-05",188,"K LEAGUE 2",7,5,"월","전남 드래곤즈","경남 FC","광양전용구장","비",23.7,244
"07-05",189,"K LEAGUE 2",7,5,"월","서울 이랜드","안산 그리너스","잠실올림픽주경기장","흐림",26.9,339
"07-05",190,"K LEAGUE 2",7,5,"일","FC 안양","제주 Utd","안양종합운동장","구름많음",28.1,0
"07-05",191,"K LEAGUE 2",7,5,"일","충남 아산 FC","경남 FC","이순신종합운동장","구름많음",27,0
"08-05",192,"K LEAGUE 1",8,5,"금","FC 서울","제주 Utd","서울월드컵경기장","구름많음",32.7,7583
"08-05",193,"K LEAGUE 1",8,5,"금","성남 FC","김천상무","탄천종합운동장","비",32.2,1179
"09-05",194,"K LEAGUE 1",9,5,"일","FC 서울","전북 현대","서울월드컵경기장","구름많음",27.3,0
"09-05",195,"K LEAGUE 1",9,5,"토","성남 FC","전북 현대","탄천종합운동장","흐림",27.5,0
"09-05",196,"K LEAGUE 1",9,5,"토","FC 서울","부산 아이파크","서울월드컵경기장","흐림",27.3,0
"09-05",197,"K LEAGUE 1",9,5,"토","포항 스틸러스","대구 FC","포항스틸야드","비",22.7,0
"09-05",198,"K LEAGUE 2",9,5,"월","FC 안양","전남 드래곤즈","안양종합운동장","비",23,257
"09-05",199,"K LEAGUE 2",9,5,"월","서울 이랜드","경남 FC","목동종합운동장 주경기장","비",22.7,228
"09-05",200,"K LEAGUE 2",9,5,"일","안산 그리너스","부천FC","안산와~스타디움","구름많음",26.7,0
"09-05",201,"K LEAGUE 2",9,5,"일","경남 FC","전남 드래곤즈","창원축구센터","비",23.8,755
"09-05",202,"K LEAGUE 2",9,5,"토","경남 FC","제주 Utd","창원축구센터","비",23,0
"09-05",203,"K LEAGUE 2",9,5,"토","충남 아산 FC","안산 그리너스","이순신종합운동장","흐림",25.3,0
"10-05",204,"K LEAGUE 2",10,5,"수","대전 하나 시티즌","전남 드래곤즈","대전월드컵경기장","흐림",21.9,2202
"10-05",205,"K LEAGUE 2",10,5,"수","충남 아산 FC","서울 이랜드","이순신종합운동장","흐림",21.9,1022
"12-05",206,"K LEAGUE 1",12,5,"일","전북 현대","제주 Utd","전주월드컵경기장","맑음",9.2,13902
"12-05",207,"K LEAGUE 1",12,5,"일","울산 현대","대구 FC","울산문수축구경기장","맑음",13.3,8806
"12-05",208,"K LEAGUE 1",12,5,"일","수원 FC","수원 삼성","수원월드컵경기장","맑음",9.8,3619
"03-06",209,"K LEAGUE 1",3,6,"일","제주 Utd","수원 FC","제주월드컵경기장","구름조금",10,3021
"03-06",210,"K LEAGUE 1",3,6,"일","전북 현대","울산 현대","전주월드컵경기장","맑음",7.8,8297
"03-06",211,"K LEAGUE 1",3,6,"일","김천상무","FC 서울","김천종합운동장","맑음",12,1552
"03-06",212,"K LEAGUE 1",3,6,"토","제주 Utd","전북 현대","제주월드컵경기장","흐림",14.2,2648
"03-06",213,"K LEAGUE 1",3,6,"토","광주 FC","울산 현대","광주축구전용구장","구름많음",17.2,1953
"03-06",214,"K LEAGUE 1",3,6,"토","인천 Utd","대구 FC","인천축구전용경기장","구름조금",11.4,1930
"03-06",215,"K LEAGUE 1",3,6,"토","강원 FC","포항 스틸러스","강릉종합운동장","흐림",5.8,1207
"03-06",216,"K LEAGUE 2",3,6,"일","FC 안양","경남 FC","안양종합운동장","맑음",5.6,1013
"03-06",217,"K LEAGUE 2",3,6,"일","전남 드래곤즈","충남 아산 FC","광양전용구장","구름조금",5.1,740
"03-06",218,"K LEAGUE 2",3,6,"일","부천FC","김포 FC","부천종합운동장","맑음",5.6,796
"03-06",219,"K LEAGUE 2",3,6,"토","충남 아산 FC","부천FC","이순신종합운동장","구름많음",14.3,1243
"03-06",220,"K LEAGUE 2",3,6,"토","서울 이랜드","김천상무","잠실올림픽주경기장","구름조금",11.6,1035
"03-06",221,"K LEAGUE 2",3,6,"토","FC 안양","안산 그리너스","안양종합운동장","구름많음",12.6,524
"04-06",222,"K LEAGUE 1",4,6,"수","FC 서울","강원 FC","서울월드컵경기장","구름많음",17,3792
"04-06",223,"K LEAGUE 1",4,6,"수","포항 스틸러스","수원 FC","포항스틸야드","맑음",21.6,2792
"04-06",224,"K LEAGUE 1",4,6,"수","성남 FC","김천상무","탄천종합운동장","구름조금",16.9,691
"04-06",225,"K LEAGUE 1",4,6,"화","대구 FC","성남 FC","DGB대구은행파크","맑음",21.4,2169
"04-06",226,"K LEAGUE 1",4,6,"화","포항 스틸러스","전북 현대","포항스틸야드","구름조금",20.8,1742
"04-06",227,"K LEAGUE 2",4,6,"수","충남 아산 FC","경남 FC","이순신종합운동장","맑음",20.9,232
"04-06",228,"K LEAGUE 2",4,6,"수","안산 그리너스","FC 안양","안산와~스타디움","구름조금",16.9,1283
"04-06",229,"K LEAGUE 2",4,6,"수","광주 FC","부산 아이파크","광주축구전용구장","맑음",21.9,385
"06-06",230,"K LEAGUE 1",6,6,"일","대구 FC","FC 서울","DGB대구은행파크","비",30.4,1232
"06-06",231,"K LEAGUE 1",6,6,"일","성남 FC","전북 현대","탄천종합운동장","구름조금",27.5,1183
"06-06",232,"K LEAGUE 1",6,6,"토","FC 서울","전북 현대","서울월드컵경기장","맑음",30.9,0
"06-06",233,"K LEAGUE 1",6,6,"토","포항 스틸러스","울산 현대","포항스틸야드","구름많음",27.9,0
"06-06",234,"K LEAGUE 1",6,6,"토","부산 아이파크","상주 상무","부산구덕운동장","구름많음",26.6,0
"06-06",235,"K LEAGUE 2",6,6,"일","김천상무","안산 그리너스","김천종합운동장","구름조금",28.6,0
"06-06",236,"K LEAGUE 2",6,6,"일","대전 하나 시티즌","FC 안양","대전월드컵경기장","맑음",28.5,1851
"07-06",237,"K LEAGUE 1",7,6,"수","인천 Utd","수원 FC","인천축구전용경기장","구름많음",33.2,3647
"07-06",238,"K LEAGUE 1",7,6,"수","수원 삼성","대구 FC","수원월드컵경기장","비",34.5,2231
"07-06",239,"K LEAGUE 1",7,6,"수","FC 서울","전북 현대","서울월드컵경기장","비",33.3,8537
"07-06",240,"K LEAGUE 2",7,6,"수","전남 드래곤즈","경남 FC","광양전용구장","구름많음",33.7,1906
"07-06",241,"K LEAGUE 2",7,6,"수","FC 안양","충남 아산 FC","안양종합운동장","비",34.5,826
"07-06",242,"K LEAGUE 2",7,6,"수","부산 아이파크","김포 FC","부산아시아드주경기장","흐림",30.4,1054
"07-06",243,"K LEAGUE 2",7,6,"월","부천FC","대전 하나 시티즌","부천종합운동장","구름많음",30.5,0
"08-06",244,"K LEAGUE 1",8,6,"토","수원 FC","수원 삼성","수원종합운동장","비",32.1,6022
"08-06",245,"K LEAGUE 1",8,6,"토","포항 스틸러스","강원 FC","포항스틸야드","구름조금",34.2,4380
"08-06",246,"K LEAGUE 2",8,6,"토","서울 이랜드","안산 그리너스","목동종합운동장 주경기장","비",30.3,623
"09-06",247,"K LEAGUE 1",9,6,"화","제주 Utd","인천 Utd","제주월드컵경기장","비",26.6,1688
"09-06",248,"K LEAGUE 1",9,6,"화","수원 FC","포항 스틸러스","수원종합운동장","비",26.1,1894
"09-06",249,"K LEAGUE 1",9,6,"화","강원 FC","김천상무","춘천송암스포츠타운","비",25.1,1788
"09-06",250,"K LEAGUE 1",9,6,"일","울산 현대","광주 FC","울산문수축구경기장","비",20.9,0
"09-06",251,"K LEAGUE 1",9,6,"일","강원 FC","인천 Utd","강릉종합운동장","비",24,0
"09-06",252,"K LEAGUE 2",9,6,"일","FC 안양","서울 이랜드","안양종합운동장","비",25,0
"09-06",253,"K LEAGUE 2",9,6,"일","대전 하나 시티즌","부천FC","대전월드컵경기장","비",25.2,0
"09-06",254,"K LEAGUE 2",9,6,"일","수원 FC","전남 드래곤즈","수원종합운동장","비",25,0
"10-06",255,"K LEAGUE 1",10,6,"수","인천 Utd","강원 FC","인천축구전용경기장","비",21.5,0
"11-06",256,"K LEAGUE 1",11,6,"토","전북 현대","울산 현대","전주월드컵경기장","맑음",22.6,11383
"11-06",257,"K LEAGUE 1",11,6,"토","수원 FC","대구 FC","수원월드컵경기장","맑음",21.8,965
"11-06",258,"K LEAGUE 1",11,6,"토","제주 Utd","수원 삼성","제주월드컵경기장","구름많음",22.7,1633
"03-07",259,"K LEAGUE 1",3,7,"일","수원 삼성","성남 FC","수원월드컵경기장","구름조금",10.8,3087
"03-07",260,"K LEAGUE 1",3,7,"일","FC 서울","수원 FC","서울월드컵경기장","구름조금",12.2,4100
"03-07",261,"K LEAGUE 2",3,7,"일","전남 드래곤즈","경남 FC","광양전용구장","흐림",10.8,826
"03-07",262,"K LEAGUE 2",3,7,"일","대전 하나 시티즌","부산 아이파크","대전월드컵경기장","흐림",11.1,2916
"04-07",263,"K LEAGUE 1",4,7,"수","울산 현대","FC 서울","울산문수축구경기장","맑음",19.2,3038
"04-07",264,"K LEAGUE 1",4,7,"수","광주 FC","수원 FC","광주축구전용구장","맑음",23.2,758
"04-07",265,"K LEAGUE 1",4,7,"수","인천 Utd","수원 삼성","인천축구전용경기장","맑음",16.7,1930
"04-07",266,"K LEAGUE 1",4,7,"수","제주 Utd","강원 FC","제주월드컵경기장","구름조금",18.3,1081
"05-07",267,"K LEAGUE 2",5,7,"토","FC 안양","안산 그리너스","안양종합운동장","비",23,1625
"05-07",268,"K LEAGUE 2",5,7,"토","광주 FC","서울 이랜드","광주축구전용구장","맑음",24.4,1145
"05-07",269,"K LEAGUE 2",5,7,"토","부천FC","전남 드래곤즈","부천종합운동장","비",23,1425
"06-07",270,"K LEAGUE 1",6,7,"일","성남 FC","대구 FC","탄천종합운동장","구름조금",28.4,0
"06-07",271,"K LEAGUE 1",6,7,"일","수원 삼성","광주 FC","수원월드컵경기장","구름조금",28.4,0
"08-07",272,"K LEAGUE 1",8,7,"일","대구 FC","인천 Utd","DGB대구은행파크","구름많음",37.8,6336
"08-07",273,"K LEAGUE 1",8,7,"일","전북 현대","울산 현대","전주월드컵경기장","비",34.7,11480
"08-07",274,"K LEAGUE 1",8,7,"토","전북 현대","대구 FC","전주월드컵경기장","구름많음",32.8,3465
"08-07",275,"K LEAGUE 1",8,7,"토","울산 현대","강원 FC","울산문수축구경기장","비",33.7,2415
"08-07",276,"K LEAGUE 1",8,7,"토","성남 FC","포항 스틸러스","탄천종합운동장","구름조금",32.4,0
"08-07",277,"K LEAGUE 1",8,7,"토","수원 삼성","제주 Utd","수원월드컵경기장","구름조금",32.4,0
"08-07",278,"K LEAGUE 1",8,7,"금","FC 서울","강원 FC","서울월드컵경기장","흐림",26.1,2312
"08-07",279,"K LEAGUE 2",8,7,"일","충남 아산 FC","광주 FC","이순신종합운동장","구름많음",34.3,546
"08-07",280,"K LEAGUE 2",8,7,"일","대전 하나 시티즌","부산 아이파크","대전월드컵경기장","구름많음",34.3,1981
"08-07",281,"K LEAGUE 2",8,7,"토","서울 이랜드","충남 아산 FC","잠실올림픽주경기장","구름조금",32.3,0
"08-07",282,"K LEAGUE 2",8,7,"토","FC 안양","부산 아이파크","안양종합운동장","구름조금",32.4,0
"09-07",283,"K LEAGUE 1",9,7,"수","울산 현대","수원 삼성","울산문수축구경기장","맑음",28.3,4960
"09-07",284,"K LEAGUE 1",9,7,"수","전북 현대","FC 서울","전주월드컵경기장","맑음",28,4121
"09-07",285,"K LEAGUE 1",9,7,"수","대구 FC","성남 FC","DGB대구은행파크","맑음",29.1,4322
"11-07",286,"K LEAGUE 1",11,7,"일","FC 서울","성남 FC","잠실올림픽주경기장","구름많음",21.3,3680
"11-07",287,"K LEAGUE 1",11,7,"일","강원 FC","인천 Utd","춘천송암스포츠타운","구름많음",20.6,1400
"11-07",288,"K LEAGUE 1",11,7,"일","포항 스틸러스","광주 FC","포항스틸야드","구름많음",20.3,1998
"11-07",289,"K LEAGUE 2",11,7,"일","FC 안양","대전 하나 시티즌","안양종합운동장","구름조금",21.4,2789
"11-07",290,"K LEAGUE 2",11,7,"토","FC 안양","수원 FC","안양종합운동장","구름조금",17.5,823
"11-07",291,"K LEAGUE 2",11,7,"토","충남 아산 FC","제주 Utd","이순신종합운동장","맑음",20.5,407
"11-07",292,"K LEAGUE 2",11,7,"토","안산 그리너스","부천FC","안산와~스타디움","구름조금",17.5,632
"05-08",293,"K LEAGUE 1",5,8,"일","포항 스틸러스","성남 FC","포항스틸야드","흐림",20.4,3142
"05-08",294,"K LEAGUE 1",5,8,"일","제주 Utd","김천상무","제주월드컵경기장","구름많음",22.4,2111
"05-08",295,"K LEAGUE 1",5,8,"일","인천 Utd","전북 현대","인천축구전용경기장","비",17.5,7597
"05-08",296,"K LEAGUE 1",5,8,"일","FC 서울","수원 FC","서울월드컵경기장","비",18.2,12790
"05-08",297,"K LEAGUE 1",5,8,"일","강원 FC","울산 현대","강릉종합운동장","비",16.4,2207
"05-08",298,"K LEAGUE 1",5,8,"일","대구 FC","수원 삼성","DGB대구은행파크","흐림",22.1,7075
"05-08",299,"K LEAGUE 1",5,8,"토","대구 FC","인천 Utd","DGB대구은행파크","맑음",26.1,2958
"05-08",300,"K LEAGUE 1",5,8,"토","제주 Utd","수원 FC","제주월드컵경기장","구름많음",25.3,1574
"05-08",301,"K LEAGUE 1",5,8,"토","포항 스틸러스","강원 FC","포항스틸야드","맑음",24.5,2079
"05-08",302,"K LEAGUE 1",5,8,"금","전북 현대","수원 삼성","전주월드컵경기장","비",25.6,0
"05-08",303,"K LEAGUE 2",5,8,"토","부천FC","김천상무","부천종합운동장","맑음",21.3,512
"06-08",304,"K LEAGUE 2",6,8,"수","서울 이랜드","전남 드래곤즈","목동종합운동장 주경기장","구름많음",25.8,705
"07-08",305,"K LEAGUE 1",7,8,"금","제주 Utd","성남 FC","제주월드컵경기장","구름조금",32.8,3002
"07-08",306,"K LEAGUE 1",7,8,"금","강원 FC","김천상무","춘천송암스포츠타운","비",27.5,1633
"07-08",307,"K LEAGUE 2",7,8,"목","부산 아이파크","충남 아산 FC","부산구덕운동장","비",27.7,834
"08-08",308,"K LEAGUE 1",8,8,"일","FC 서울","광주 FC","서울월드컵경기장","비",32.1,0
"08-08",309,"K LEAGUE 1",8,8,"일","인천 Utd","수원 FC","인천축구전용경기장","비",31.2,0
"08-08",310,"K LEAGUE 1",8,8,"토","포항 스틸러스","광주 FC","포항스틸야드","비",23.8,1263
"08-08",311,"K LEAGUE 1",8,8,"토","울산 현대","수원 삼성","울산문수축구경기장","비",26.3,2659
"08-08",312,"K LEAGUE 1",8,8,"토","대구 FC","전북 현대","DGB대구은행파크","비",25,1236
"08-08",313,"K LEAGUE 2",8,8,"월","전남 드래곤즈","부천FC","광양전용구장","구름많음",31.6,1041
"08-08",314,"K LEAGUE 2",8,8,"월","경남 FC","FC 안양","창원축구센터","흐림",32.3,627
"08-08",315,"K LEAGUE 2",8,8,"일","부천FC","안산 그리너스","부천종합운동장","흐림",32.2,0
"08-08",316,"K LEAGUE 2",8,8,"일","전남 드래곤즈","대전 하나 시티즌","광양전용구장","구름많음",29.3,467
"08-08",317,"K LEAGUE 2",8,8,"일","김천상무","경남 FC","김천종합운동장","비",29.2,244
"08-08",318,"K LEAGUE 2",8,8,"토","대전 하나 시티즌","경남 FC","대전월드컵경기장","비",25,1444
"08-08",319,"K LEAGUE 2",8,8,"토","안산 그리너스","FC 안양","안산와~스타디움","비",25,372
"10-08",320,"K LEAGUE 1",10,8,"토","강원 FC","인천 Utd","춘천송암스포츠타운","구름많음",19.4,3751
"10-08",321,"K LEAGUE 1",10,8,"토","울산 현대","전북 현대","울산문수축구경기장","구름조금",19.9,20051
"10-08",322,"K LEAGUE 1",10,8,"토","포항 스틸러스","제주 Utd","포항스틸야드","구름조금",20.1,4304
"10-08",323,"K LEAGUE 2",10,8,"토","FC 안양","부천FC","안양종합운동장","맑음",21.5,2705
"10-08",324,"K LEAGUE 2",10,8,"토","전남 드래곤즈","서울 이랜드","광양전용구장","흐림",21.1,1897
"10-08",325,"K LEAGUE 2",10,8,"토","김포 FC","대전 하나 시티즌","김포솔터축구장","맑음",21.5,1901
"12-08",326,"K LEAGUE 2",12,8,"수","대전 하나 시티즌","강원 FC","대전한밭종합운동장","맑음",13.3,6171
"03-09",327,"K LEAGUE 1",3,9,"화","제주 Utd","포항 스틸러스","제주월드컵경기장","구름많음",13.5,1136
"03-09",328,"K LEAGUE 1",3,9,"화","울산 현대","인천 Utd","울산문수축구경기장","흐림",15.1,2231
"03-09",329,"K LEAGUE 1",3,9,"화","전북 현대","강원 FC","전주월드컵경기장","구름많음",13.5,2477
"04-09",330,"K LEAGUE 1",4,9,"토","성남 FC","전북 현대","탄천종합운동장","알수없음",NA,2681
"04-09",331,"K LEAGUE 1",4,9,"토","울산 현대","대구 FC","울산문수축구경기장","알수없음",NA,6759
"04-09",332,"K LEAGUE 2",4,9,"토","대전 하나 시티즌","서울 이랜드","대전월드컵경기장","알수없음",NA,1969
"04-09",333,"K LEAGUE 2",4,9,"토","충남 아산 FC","안산 그리너스","이순신종합운동장","알수없음",NA,744
"05-09",334,"K LEAGUE 1",5,9,"일","전북 현대","수원 삼성","전주월드컵경기장","맑음",22.5,5478
"05-09",335,"K LEAGUE 1",5,9,"토","인천 Utd","대구 FC","인천축구전용경기장","비",16.9,0
"05-09",336,"K LEAGUE 1",5,9,"토","울산 현대","상주 상무","울산문수축구경기장","비",19.5,0
"05-09",337,"K LEAGUE 1",5,9,"토","광주 FC","성남 FC","광주축구전용구장","비",20,0
"05-09",338,"K LEAGUE 2",5,9,"월","부산 아이파크","충남 아산 FC","부산아시아드주경기장","구름조금",20.2,1585
"05-09",339,"K LEAGUE 2",5,9,"월","대전 하나 시티즌","김포 FC","대전월드컵경기장","비",23.7,1679
"05-09",340,"K LEAGUE 2",5,9,"일","경남 FC","전남 드래곤즈","창원축구센터","맑음",25.4,1336
"05-09",341,"K LEAGUE 2",5,9,"토","수원 FC","대전 하나 시티즌","수원종합운동장","비",17.3,0
"05-09",342,"K LEAGUE 2",5,9,"토","제주 Utd","서울 이랜드","제주월드컵경기장","비",27.7,0
"07-09",343,"K LEAGUE 1",7,9,"토","대구 FC","울산 현대","DGB대구은행파크","구름조금",33.8,9509
"07-09",344,"K LEAGUE 1",7,9,"토","전북 현대","인천 Utd","전주월드컵경기장","구름많음",31,6666
"07-09",345,"K LEAGUE 2",7,9,"토","안산 그리너스","부천FC","안산와~스타디움","구름많음",31.3,1088
"07-09",346,"K LEAGUE 2",7,9,"토","경남 FC","부산 아이파크","진주종합경기장","구름조금",34.6,965
"08-09",347,"K LEAGUE 1",8,9,"일","인천 Utd","성남 FC","인천축구전용경기장","비",25.5,1556
"08-09",348,"K LEAGUE 1",8,9,"일","상주 상무","부산 아이파크","상주시민운동장","비",32.3,414
"08-09",349,"K LEAGUE 2",8,9,"일","전남 드래곤즈","서울 이랜드","광양전용구장","비",30.7,824
"08-09",350,"K LEAGUE 2",8,9,"일","부천FC","수원 FC","부천종합운동장","비",27.7,359
"10-09",351,"K LEAGUE 1",10,9,"일","김천상무","성남 FC","김천종합운동장","비",16.1,644
"10-09",352,"K LEAGUE 1",10,9,"일","수원 삼성","FC 서울","수원월드컵경기장","비",15.5,10818
"10-09",353,"K LEAGUE 1",10,9,"일","대구 FC","수원 FC","DGB대구은행파크","비",16.4,8097
"10-09",354,"K LEAGUE 2",10,9,"일","부산 아이파크","충남 아산 FC","부산아시아드주경기장","알수없음",NA,2688
"10-09",355,"K LEAGUE 2",10,9,"일","광주 FC","경남 FC","광주축구전용구장","비",16.7,5861
"10-09",356,"K LEAGUE 2",10,9,"토","FC 안양","김천상무","안양종합운동장","비",27,0
"10-09",357,"K LEAGUE 2",10,9,"토","전남 드래곤즈","서울 이랜드","광양전용구장","구름조금",29.8,579
"10-09",358,"K LEAGUE 2",10,9,"토","부산 아이파크","부천FC","부산구덕운동장","비",27.8,1197
"03-10",359,"K LEAGUE 1",3,10,"수","수원 FC","수원 삼성","수원종합운동장","맑음",16.8,1104
"03-10",360,"K LEAGUE 1",3,10,"수","성남 FC","FC 서울","탄천종합운동장","맑음",16.8,1334
"03-10",361,"K LEAGUE 1",3,10,"수","대구 FC","광주 FC","DGB대구은행파크","맑음",14.1,1876
"04-10",362,"K LEAGUE 1",4,10,"일","강원 FC","포항 스틸러스","강릉종합운동장","알수없음",NA,1475
"04-10",363,"K LEAGUE 1",4,10,"일","수원 FC","김천상무","수원종합운동장","알수없음",NA,2091
"04-10",364,"K LEAGUE 1",4,10,"일","FC 서울","수원 삼성","서울월드컵경기장","알수없음",NA,14625
"04-10",365,"K LEAGUE 1",4,10,"일","인천 Utd","제주 Utd","인천축구전용경기장","알수없음",NA,5234
"04-10",366,"K LEAGUE 1",4,10,"토","강원 FC","대구 FC","강릉종합운동장","맑음",18.4,1627
"04-10",367,"K LEAGUE 1",4,10,"토","FC 서울","포항 스틸러스","서울월드컵경기장","맑음",18.8,4147
"04-10",368,"K LEAGUE 1",4,10,"토","성남 FC","광주 FC","탄천종합운동장","맑음",17.7,1081
"04-10",369,"K LEAGUE 2",4,10,"일","광주 FC","전남 드래곤즈","광주축구전용구장","알수없음",NA,909
"04-10",370,"K LEAGUE 2",4,10,"일","부천FC","FC 안양","부천종합운동장","알수없음",NA,1762
"04-10",371,"K LEAGUE 2",4,10,"토","서울 이랜드","충남 아산 FC","잠실올림픽주경기장","맑음",18.8,605
"04-10",372,"K LEAGUE 2",4,10,"토","김천상무","부천FC","김천종합운동장","맑음",18.3,1022
"05-10",373,"K LEAGUE 1",5,10,"일","포항 스틸러스","부산 아이파크","포항스틸야드","구름많음",20.8,0
"05-10",374,"K LEAGUE 1",5,10,"일","강원 FC","FC 서울","춘천송암스포츠타운","비",17.2,0
"05-10",375,"K LEAGUE 2",5,10,"월","안산 그리너스","FC 안양","안산와~스타디움","비",14.1,214
"05-10",376,"K LEAGUE 2",5,10,"월","부산 아이파크","대전 하나 시티즌","부산구덕운동장","흐림",21.3,758
"05-10",377,"K LEAGUE 2",5,10,"일","충남 아산 FC","부천FC","이순신종합운동장","비",18.3,0
"05-10",378,"K LEAGUE 2",5,10,"일","FC 안양","안산 그리너스","안양종합운동장","비",17.1,0
"05-10",379,"K LEAGUE 2",5,10,"일","경남 FC","전남 드래곤즈","창원축구센터","구름많음",25.8,0
"07-10",380,"K LEAGUE 1",7,10,"일","포항 스틸러스","수원 삼성","포항스틸야드","구름많음",35.1,4608
"07-10",381,"K LEAGUE 1",7,10,"일","수원 FC","FC 서울","수원종합운동장","구름조금",34.8,4783
"07-10",382,"K LEAGUE 1",7,10,"금","부산 아이파크","FC 서울","부산구덕운동장","비",25.9,0
"07-10",383,"K LEAGUE 2",7,10,"일","충남 아산 FC","전남 드래곤즈","이순신종합운동장","비",35.1,712
"07-10",384,"K LEAGUE 2",7,10,"토","대전 하나 시티즌","서울 이랜드","대전월드컵경기장","비",31.1,1060
"07-10",385,"K LEAGUE 2",7,10,"토","김천상무","FC 안양","김천종합운동장","비",30.7,617
"08-10",386,"K LEAGUE 1",8,10,"수","강원 FC","대구 FC","춘천송암스포츠타운","비",30.1,1708
"08-10",387,"K LEAGUE 1",8,10,"수","수원 FC","전북 현대","수원종합운동장","비",26,1886
"08-10",388,"K LEAGUE 2",8,10,"월","제주 Utd","충남 아산 FC","제주월드컵경기장","비",32.3,808
"09-10",389,"K LEAGUE 1",9,10,"토","FC 서울","수원 FC","서울월드컵경기장","흐림",28.4,10265
"09-10",390,"K LEAGUE 1",9,10,"토","대구 FC","전북 현대","DGB대구은행파크","구름많음",24.2,5215
"09-10",391,"K LEAGUE 1",9,10,"토","김천상무","제주 Utd","김천종합운동장","흐림",24.2,848
"09-10",392,"K LEAGUE 1",9,10,"토","성남 FC","강원 FC","탄천종합운동장","구름많음",27.8,1609
"09-10",393,"K LEAGUE 1",9,10,"금","포항 스틸러스","대구 FC","포항스틸야드","구름많음",26.9,1624
"09-10",394,"K LEAGUE 1",9,10,"금","울산 현대","전북 현대","울산문수축구경기장","비",26.1,5559
"09-10",395,"K LEAGUE 2",9,10,"토","김포 FC","서울 이랜드","김포솔터축구장","구름많음",27.8,895
"09-10",396,"K LEAGUE 2",9,10,"토","부산 아이파크","경남 FC","부산아시아드주경기장","흐림",26.4,1571
"09-10",397,"K LEAGUE 2",9,10,"토","대전 하나 시티즌","충남 아산 FC","대전월드컵경기장","흐림",26.3,1873
"10-10",398,"K LEAGUE 1",10,10,"일","강원 FC","제주 Utd","강릉종합운동장","비",24.1,1280
"10-10",399,"K LEAGUE 2",10,10,"일","경남 FC","충남 아산 FC","창원축구센터","비",30.2,822
"10-10",400,"K LEAGUE 2",10,10,"일","대전 하나 시티즌","안산 그리너스","대전한밭종합운동장","비",29.2,1124
"10-10",401,"K LEAGUE 2",10,10,"토","대전 하나 시티즌","수원 FC","대전월드컵경기장","구름조금",23.7,0
"10-10",402,"K LEAGUE 2",10,10,"토","경남 FC","FC 안양","창원축구센터","구름많음",23.8,0
"03-11",403,"K LEAGUE 1",3,11,"금","대구 FC","성남 FC","DGB대구은행파크","구름조금",18.9,2580
"03-11",404,"K LEAGUE 1",3,11,"금","울산 현대","FC 서울","울산문수축구경기장","구름조금",20.7,3452
"04-11",405,"K LEAGUE 1",4,11,"일","제주 Utd","수원 삼성","제주월드컵경기장","구름조금",21.5,2366
"04-11",406,"K LEAGUE 1",4,11,"일","수원 FC","울산 현대","수원종합운동장","구름조금",22.4,1056
"04-11",407,"K LEAGUE 1",4,11,"일","전북 현대","인천 Utd","전주월드컵경기장","맑음",23.9,3128
"04-11",408,"K LEAGUE 2",4,11,"월","김포 FC","경남 FC","김포솔터축구장","알수없음",NA,686
"04-11",409,"K LEAGUE 2",4,11,"일","대전 하나 시티즌","경남 FC","대전월드컵경기장","구름조금",23.5,1371
"04-11",410,"K LEAGUE 2",4,11,"일","FC 안양","부산 아이파크","안양종합운동장","구름조금",22.4,539
"04-11",411,"K LEAGUE 2",4,11,"일","안산 그리너스","전남 드래곤즈","안산와~스타디움","구름조금",22.4,575
"05-11",412,"K LEAGUE 1",5,11,"화","수원 FC","광주 FC","수원종합운동장","구름많음",24.6,224
"05-11",413,"K LEAGUE 1",5,11,"화","인천 Utd","포항 스틸러스","인천축구전용경기장","구름많음",24.6,1428
"06-11",414,"K LEAGUE 2",6,11,"토","광주 FC","FC 안양","광주축구전용구장","구름조금",31.1,849
"07-11",415,"K LEAGUE 1",7,11,"토","전북 현대","성남 FC","전주월드컵경기장","흐림",29.4,0
"07-11",416,"K LEAGUE 1",7,11,"토","인천 Utd","상주 상무","인천축구전용경기장","구름많음",29.5,0
"07-11",417,"K LEAGUE 1",7,11,"토","포항 스틸러스","수원 삼성","포항스틸야드","구름많음",29.5,0
"07-11",418,"K LEAGUE 2",7,11,"월","김포 FC","FC 안양","김포솔터축구장","비",30.6,934
"07-11",419,"K LEAGUE 2",7,11,"월","서울 이랜드","광주 FC","목동종합운동장 주경기장","비",30.6,550
"07-11",420,"K LEAGUE 2",7,11,"일","부산 아이파크","전남 드래곤즈","부산구덕운동장","구름조금",29.1,1226
"07-11",421,"K LEAGUE 2",7,11,"토","경남 FC","서울 이랜드","창원축구센터","맑음",30.8,0
"07-11",422,"K LEAGUE 2",7,11,"토","수원 FC","충남 아산 FC","수원종합운동장","구름많음",30.6,0
"08-11",423,"K LEAGUE 1",8,11,"수","전북 현대","광주 FC","전주월드컵경기장","구름조금",34.1,2121
"09-11",424,"K LEAGUE 1",9,11,"일","수원 삼성","인천 Utd","수원월드컵경기장","흐림",26.6,8491
"09-11",425,"K LEAGUE 1",9,11,"일","울산 현대","포항 스틸러스","울산문수축구경기장","흐림",26.4,11345
"09-11",426,"K LEAGUE 1",9,11,"토","인천 Utd","제주 Utd","인천축구전용경기장","맑음",27.3,0
"09-11",427,"K LEAGUE 1",9,11,"토","수원 삼성","광주 FC","수원월드컵경기장","맑음",29.7,0
"09-11",428,"K LEAGUE 2",9,11,"일","전남 드래곤즈","광주 FC","광양전용구장","구름많음",27.3,1250
"09-11",429,"K LEAGUE 2",9,11,"일","부천FC","안산 그리너스","부천종합운동장","흐림",26.6,1930
"09-11",430,"K LEAGUE 2",9,11,"토","FC 안양","경남 FC","안양종합운동장","맑음",29.7,0
"09-11",431,"K LEAGUE 2",9,11,"토","부천FC","서울 이랜드","부천종합운동장","맑음",29.7,0
"10-11",432,"K LEAGUE 1",10,11,"화","인천 Utd","제주 Utd","인천축구전용경기장","맑음",15.8,2970
"10-11",433,"K LEAGUE 1",10,11,"화","전북 현대","강원 FC","전주월드컵경기장","비",18.4,3113
"10-11",434,"K LEAGUE 1",10,11,"화","포항 스틸러스","울산 현대","포항스틸야드","맑음",20.1,3376
"10-11",435,"K LEAGUE 2",10,11,"일","전남 드래곤즈","충남 아산 FC","광양전용구장","구름조금",23.6,0
"10-11",436,"K LEAGUE 2",10,11,"일","서울 이랜드","부천FC","잠실올림픽주경기장","구름많음",20.8,0
"10-11",437,"K LEAGUE 2",10,11,"일","제주 Utd","안산 그리너스","제주월드컵경기장","구름많음",23.3,0
"03-12",438,"K LEAGUE 1",3,12,"토","수원 삼성","포항 스틸러스","수원월드컵경기장","구름많음",20.5,4044
"03-12",439,"K LEAGUE 1",3,12,"토","제주 Utd","전북 현대","제주월드컵경기장","구름조금",22.3,2619
"03-12",440,"K LEAGUE 2",3,12,"토","안산 그리너스","광주 FC","안산와~스타디움","구름많음",20.5,455
"03-12",441,"K LEAGUE 2",3,12,"토","대전 하나 시티즌","FC 안양","대전월드컵경기장","구름많음",21.6,2417
"03-12",442,"K LEAGUE 2",3,12,"토","김포 FC","서울 이랜드","김포솔터축구장","구름많음",20.5,2061
"05-12",443,"K LEAGUE 1",5,12,"수","수원 삼성","제주 Utd","수원월드컵경기장","구름조금",27.2,1680
"05-12",444,"K LEAGUE 1",5,12,"수","강원 FC","울산 현대","춘천송암스포츠타운","구름조금",26.1,1262
"06-12",445,"K LEAGUE 2",6,12,"일","전남 드래곤즈","경남 FC","광양전용구장","구름많음",25.3,968
"06-12",446,"K LEAGUE 2",6,12,"일","서울 이랜드","부산 아이파크","목동종합운동장 주경기장","구름많음",31.5,1796
"06-12",447,"K LEAGUE 2",6,12,"토","충남 아산 FC","대전 하나 시티즌","이순신종합운동장","구름많음",30.7,319
"06-12",448,"K LEAGUE 2",6,12,"토","FC 안양","서울 이랜드","안양종합운동장","구름조금",29,507
"07-12",449,"K LEAGUE 1",7,12,"일","강원 FC","광주 FC","강릉종합운동장","맑음",25.3,0
"07-12",450,"K LEAGUE 1",7,12,"일","대구 FC","울산 현대","DGB대구은행파크","비",21.9,0
"07-12",451,"K LEAGUE 2",7,12,"월","충남 아산 FC","부천FC","이순신종합운동장","구름많음",33.3,174
"07-12",452,"K LEAGUE 2",7,12,"월","안산 그리너스","경남 FC","안산와~스타디움","구름많음",32.9,0
"07-12",453,"K LEAGUE 2",7,12,"일","안산 그리너스","대전 하나 시티즌","안산와~스타디움","비",25.6,0
"07-12",454,"K LEAGUE 2",7,12,"일","FC 안양","전남 드래곤즈","안양종합운동장","비",25.6,0
"09-12",455,"K LEAGUE 1",9,12,"일","수원 FC","강원 FC","수원월드컵경기장","구름조금",29.9,0
"09-12",456,"K LEAGUE 1",9,12,"일","성남 FC","FC 서울","탄천종합운동장","구름조금",29.9,0
"09-12",457,"K LEAGUE 1",9,12,"토","울산 현대","대구 FC","울산문수축구경기장","비",22,0
"09-12",458,"K LEAGUE 1",9,12,"토","광주 FC","전북 현대","광주축구전용구장","비",25.8,0
"09-12",459,"K LEAGUE 1",9,12,"토","상주 상무","성남 FC","상주시민운동장","비",22.5,0
"09-12",460,"K LEAGUE 2",9,12,"일","안산 그리너스","부산 아이파크","안산와~스타디움","구름조금",29.9,0
"09-12",461,"K LEAGUE 2",9,12,"토","서울 이랜드","충남 아산 FC","잠실올림픽주경기장","비",23.2,0
"09-12",462,"K LEAGUE 2",9,12,"토","전남 드래곤즈","경남 FC","광양전용구장","비",25.3,0
"10-12",463,"K LEAGUE 1",10,12,"수","FC 서울","김천상무","서울월드컵경기장","맑음",20.6,4318
"10-12",464,"K LEAGUE 1",10,12,"수","수원 삼성","대구 FC","수원월드컵경기장","맑음",20.9,3093
"10-12",465,"K LEAGUE 1",10,12,"수","수원 FC","성남 FC","수원종합운동장","맑음",20.9,1146
"12-12",466,"K LEAGUE 2",12,12,"일","강원 FC","대전 하나 시티즌","강릉종합운동장","맑음",6.5,4154
"03-13",467,"K LEAGUE 1",3,13,"일","강원 FC","수원 FC","강릉종합운동장","비",9.5,1154
"03-13",468,"K LEAGUE 1",3,13,"일","인천 Utd","김천상무","인천축구전용경기장","비",11.8,2607
"03-13",469,"K LEAGUE 1",3,13,"토","대구 FC","제주 Utd","DGB대구은행파크","맑음",16,2616
"03-13",470,"K LEAGUE 1",3,13,"토","광주 FC","전북 현대","광주축구전용구장","맑음",16.7,2025
"03-13",471,"K LEAGUE 1",3,13,"토","인천 Utd","FC 서울","인천축구전용경기장","구름조금",12.7,1930
"03-13",472,"K LEAGUE 1",3,13,"토","포항 스틸러스","울산 현대","포항스틸야드","흐림",14.6,3954
"03-13",473,"K LEAGUE 2",3,13,"일","경남 FC","전남 드래곤즈","밀양종합운동장","비",17.3,281
"03-13",474,"K LEAGUE 2",3,13,"일","부산 아이파크","부천FC","부산아시아드주경기장","비",16.3,905
"03-13",475,"K LEAGUE 2",3,13,"토","안산 그리너스","경남 FC","안산와~스타디움","구름조금",14.2,539
"03-13",476,"K LEAGUE 2",3,13,"토","충남 아산 FC","부산 아이파크","이순신종합운동장","구름많음",15.6,1240
"06-13",477,"K LEAGUE 1",6,13,"토","수원 삼성","강원 FC","수원월드컵경기장","비",32.4,0
"06-13",478,"K LEAGUE 1",6,13,"토","상주 상무","포항 스틸러스","상주시민운동장","비",30.2,0
"06-13",479,"K LEAGUE 1",6,13,"토","전북 현대","인천 Utd","전주월드컵경기장","비",29.2,0
"06-13",480,"K LEAGUE 1",6,13,"토","울산 현대","성남 FC","울산문수축구경기장","비",27.7,0
"06-13",481,"K LEAGUE 2",6,13,"월","충남 아산 FC","대전 하나 시티즌","이순신종합운동장","흐림",27.8,1032
"06-13",482,"K LEAGUE 2",6,13,"월","안산 그리너스","부천FC","안산와~스타디움","구름많음",29.9,855
"06-13",483,"K LEAGUE 2",6,13,"일","경남 FC","김천상무","창원축구센터","구름많음",31,843
"06-13",484,"K LEAGUE 2",6,13,"일","안산 그리너스","부산 아이파크","안산와~스타디움","구름조금",28.9,476
"06-13",485,"K LEAGUE 2",6,13,"일","전남 드래곤즈","부천FC","광양전용구장","구름조금",24.7,819
"06-13",486,"K LEAGUE 2",6,13,"토","서울 이랜드","대전 하나 시티즌","잠실올림픽주경기장","구름조금",33.5,0
"06-13",487,"K LEAGUE 2",6,13,"토","제주 Utd","수원 FC","제주월드컵경기장","비",29.6,0
"08-13",488,"K LEAGUE 1",8,13,"토","인천 Utd","전북 현대","인천축구전용경기장","비",26.2,6339
"08-13",489,"K LEAGUE 1",8,13,"토","울산 현대","대구 FC","울산문수축구경기장","비",32.2,9585
"08-13",490,"K LEAGUE 2",8,13,"토","전남 드래곤즈","FC 안양","광양전용구장","흐림",30.4,1042
"08-13",491,"K LEAGUE 2",8,13,"토","안산 그리너스","광주 FC","안산와~스타디움","비",26.8,1319
"08-13",492,"K LEAGUE 2",8,13,"토","부천FC","서울 이랜드","부천종합운동장","비",26.8,1013
"09-13",493,"K LEAGUE 1",9,13,"화","수원 FC","김천상무","수원종합운동장","흐림",27.2,1369
"09-13",494,"K LEAGUE 1",9,13,"화","제주 Utd","대구 FC","제주월드컵경기장","비",25,1512
"09-13",495,"K LEAGUE 1",9,13,"화","FC 서울","강원 FC","서울월드컵경기장","흐림",26.4,5349
"09-13",496,"K LEAGUE 1",9,13,"일","부산 아이파크","인천 Utd","부산구덕운동장","흐림",24.6,0
"09-13",497,"K LEAGUE 1",9,13,"일","FC 서울","수원 삼성","서울월드컵경기장","구름조금",26.6,0
"09-13",498,"K LEAGUE 1",9,13,"일","강원 FC","포항 스틸러스","강릉종합운동장","구름많음",24.3,0
"09-13",499,"K LEAGUE 2",9,13,"화","부산 아이파크","대전 하나 시티즌","부산아시아드주경기장","흐림",28.4,1834
"09-13",500,"K LEAGUE 2",9,13,"화","경남 FC","김포 FC","창원축구센터","흐림",27.8,510
"09-13",501,"K LEAGUE 2",9,13,"월","대전 하나 시티즌","전남 드래곤즈","대전한밭종합운동장","흐림",28.2,775
"09-13",502,"K LEAGUE 2",9,13,"월","김천상무","충남 아산 FC","김천종합운동장","흐림",27.1,347
"09-13",503,"K LEAGUE 2",9,13,"일","제주 Utd","대전 하나 시티즌","제주월드컵경기장","비",26.1,0
"09-13",504,"K LEAGUE 2",9,13,"일","안산 그리너스","FC 안양","안산와~스타디움","맑음",26.6,0
"03-14",505,"K LEAGUE 1",3,14,"일","수원 삼성","강원 FC","수원월드컵경기장","구름조금",13.4,2880
"03-14",506,"K LEAGUE 1",3,14,"일","수원 FC","성남 FC","수원종합운동장","구름조금",13.4,786
"03-14",507,"K LEAGUE 2",3,14,"일","서울 이랜드","전남 드래곤즈","잠실올림픽주경기장","구름조금",14.7,1070
"03-14",508,"K LEAGUE 2",3,14,"일","부천FC","FC 안양","부천종합운동장","구름조금",13.4,964
"03-14",509,"K LEAGUE 2",3,14,"일","대전 하나 시티즌","김천상무","대전월드컵경기장","구름조금",15.1,1719
"05-14",510,"K LEAGUE 1",5,14,"토","울산 현대","인천 Utd","울산문수축구경기장","구름조금",23.9,8351
"05-14",511,"K LEAGUE 1",5,14,"토","수원 삼성","성남 FC","수원월드컵경기장","구름조금",18.7,5564
"05-14",512,"K LEAGUE 1",5,14,"토","김천상무","대구 FC","김천종합운동장","구름조금",24.6,1901
"05-14",513,"K LEAGUE 2",5,14,"토","부산 아이파크","전남 드래곤즈","부산아시아드주경기장","구름조금",24.3,2823
"05-14",514,"K LEAGUE 2",5,14,"토","김포 FC","FC 안양","김포솔터축구장","구름조금",18.7,1534
"05-14",515,"K LEAGUE 2",5,14,"토","경남 FC","대전 하나 시티즌","진주종합경기장","구름조금",24.6,1379
"06-14",516,"K LEAGUE 1",6,14,"일","광주 FC","부산 아이파크","광주축구전용구장","비",26.2,0
"06-14",517,"K LEAGUE 1",6,14,"일","대구 FC","FC 서울","DGB대구은행파크","비",30.5,0
"06-14",518,"K LEAGUE 2",6,14,"일","부천FC","전남 드래곤즈","부천종합운동장","비",28,0
"06-14",519,"K LEAGUE 2",6,14,"일","FC 안양","충남 아산 FC","안양종합운동장","비",28,0
"07-14",520,"K LEAGUE 1",7,14,"수","FC 서울","인천 Utd","서울월드컵경기장","구름많음",33.5,0
"08-14",521,"K LEAGUE 1",8,14,"일","제주 Utd","포항 스틸러스","제주월드컵경기장","구름조금",35.9,4038
"08-14",522,"K LEAGUE 1",8,14,"일","수원 삼성","성남 FC","수원월드컵경기장","비",31.5,4496
"08-14",523,"K LEAGUE 1",8,14,"토","수원 삼성","성남 FC","수원월드컵경기장","구름많음",30.6,0
"08-14",524,"K LEAGUE 1",8,14,"토","강원 FC","대구 FC","강릉종합운동장","비",24.9,1152
"08-14",525,"K LEAGUE 1",8,14,"토","제주 Utd","울산 현대","제주월드컵경기장","비",24.5,1382
"08-14",526,"K LEAGUE 1",8,14,"금","성남 FC","부산 아이파크","탄천종합운동장","흐림",29.9,890
"08-14",527,"K LEAGUE 2",8,14,"일","김포 FC","경남 FC","김포솔터축구장","비",31.5,1196
"08-14",528,"K LEAGUE 2",8,14,"일","대전 하나 시티즌","충남 아산 FC","대전월드컵경기장","비",30.4,2070
"08-14",529,"K LEAGUE 2",8,14,"토","서울 이랜드","부천FC","잠실올림픽주경기장","구름많음",30.5,0
"08-14",530,"K LEAGUE 2",8,14,"토","전남 드래곤즈","FC 안양","광양전용구장","비",27.4,634
"09-14",531,"K LEAGUE 1",9,14,"수","인천 Utd","울산 현대","인천축구전용경기장","흐림",27.8,4472
"09-14",532,"K LEAGUE 1",9,14,"수","수원 삼성","포항 스틸러스","수원월드컵경기장","흐림",28.9,2768
"09-14",533,"K LEAGUE 1",9,14,"수","전북 현대","성남 FC","전주월드컵경기장","구름많음",28.7,3334
"09-14",534,"K LEAGUE 2",9,14,"수","FC 안양","광주 FC","안양종합운동장","흐림",28.9,1106
"09-14",535,"K LEAGUE 2",9,14,"수","안산 그리너스","전남 드래곤즈","안산와~스타디움","흐림",28.9,654
"09-14",536,"K LEAGUE 2",9,14,"수","서울 이랜드","충남 아산 FC","목동종합운동장 주경기장","흐림",27.9,509
"09-14",537,"K LEAGUE 2",9,14,"월","수원 FC","부천FC","수원종합운동장","구름조금",26,0
"03-15",538,"K LEAGUE 2",3,15,"화","대전 하나 시티즌","안산 그리너스","대전월드컵경기장","구름조금",16.3,607
"03-15",539,"K LEAGUE 2",3,15,"화","김포 FC","충남 아산 FC","김포솔터축구장","구름조금",13.6,570
"05-15",540,"K LEAGUE 1",5,15,"일","수원 FC","제주 Utd","수원종합운동장","맑음",20.9,2785
"05-15",541,"K LEAGUE 1",5,15,"일","FC 서울","포항 스틸러스","서울월드컵경기장","맑음",22.4,8610
"05-15",542,"K LEAGUE 1",5,15,"일","전북 현대","강원 FC","전주월드컵경기장","구름조금",21.2,6755
"05-15",543,"K LEAGUE 1",5,15,"토","인천 Utd","광주 FC","인천축구전용경기장","비",24.7,1873
"05-15",544,"K LEAGUE 1",5,15,"토","강원 FC","수원 FC","춘천송암스포츠타운","비",26.2,1654
"05-15",545,"K LEAGUE 2",5,15,"일","광주 FC","안산 그리너스","광주축구전용구장","구름조금",21.7,1049
"05-15",546,"K LEAGUE 2",5,15,"일","충남 아산 FC","부천FC","이순신종합운동장","구름조금",22.2,1137
"05-15",547,"K LEAGUE 2",5,15,"토","김천상무","대전 하나 시티즌","김천종합운동장","비",22,0
"06-15",548,"K LEAGUE 2",6,15,"월","경남 FC","안산 그리너스","창원축구센터","구름조금",31.5,0
"07-15",549,"K LEAGUE 2",7,15,"금","광주 FC","FC 안양","광주축구전용구장","구름조금",31.4,867
"07-15",550,"K LEAGUE 2",7,15,"금","경남 FC","충남 아산 FC","창원축구센터","구름조금",34.2,1047
"08-15",551,"K LEAGUE 1",8,15,"월","강원 FC","수원 FC","춘천송암스포츠타운","비",28.7,3183
"08-15",552,"K LEAGUE 1",8,15,"월","김천상무","FC 서울","김천종합운동장","흐림",33.5,2037
"08-15",553,"K LEAGUE 1",8,15,"일","광주 FC","인천 Utd","광주축구전용구장","비",30.8,766
"08-15",554,"K LEAGUE 1",8,15,"일","포항 스틸러스","수원 FC","포항스틸야드","비",27.3,1491
"08-15",555,"K LEAGUE 1",8,15,"일","전북 현대","FC 서울","전주월드컵경기장","구름많음",32.5,5082
"08-15",556,"K LEAGUE 1",8,15,"토","수원 삼성","전북 현대","수원월드컵경기장","비",29.3,2912
"08-15",557,"K LEAGUE 1",8,15,"토","울산 현대","포항 스틸러스","울산문수축구경기장","구름조금",35.5,3242
"08-15",558,"K LEAGUE 1",8,15,"토","FC 서울","상주 상무","서울월드컵경기장","비",27,2629
"08-15",559,"K LEAGUE 2",8,15,"일","안산 그리너스","대전 하나 시티즌","안산와~스타디움","구름조금",32.6,0
"08-15",560,"K LEAGUE 2",8,15,"일","충남 아산 FC","김천상무","이순신종합운동장","구름조금",31.7,353
"08-15",561,"K LEAGUE 2",8,15,"토","FC 안양","부천FC","안양종합운동장","비",29.3,565
"08-15",562,"K LEAGUE 2",8,15,"토","안산 그리너스","전남 드래곤즈","안산와~스타디움","비",29.3,234
"09-15",563,"K LEAGUE 1",9,15,"화","전북 현대","울산 현대","전주월드컵경기장","비",29.2,0
"09-15",564,"K LEAGUE 1",9,15,"화","광주 FC","상주 상무","광주축구전용구장","구름많음",28.3,0
"10-15",565,"K LEAGUE 2",10,15,"토","안산 그리너스","대전 하나 시티즌","안산와~스타디움","구름조금",25.1,4010
"10-15",566,"K LEAGUE 2",10,15,"토","경남 FC","FC 안양","창원축구센터","구름조금",25,1124
"10-15",567,"K LEAGUE 2",10,15,"토","충남 아산 FC","광주 FC","이순신종합운동장","구름많음",24.9,3379
"10-15",568,"K LEAGUE 2",10,15,"토","서울 이랜드","부산 아이파크","목동종합운동장 주경기장","구름많음",24.4,3321
"10-15",569,"K LEAGUE 2",10,15,"토","부천FC","전남 드래곤즈","부천종합운동장","구름조금",25.1,2752
"03-16",570,"K LEAGUE 1",3,16,"화","울산 현대","제주 Utd","울산문수축구경기장","비",21.6,2294
"03-16",571,"K LEAGUE 1",3,16,"화","전북 현대","대구 FC","전주월드컵경기장","비",15.6,2378
"03-16",572,"K LEAGUE 2",3,16,"수","광주 FC","서울 이랜드","광주축구전용구장","구름조금",22.2,321
"03-16",573,"K LEAGUE 2",3,16,"수","전남 드래곤즈","부천FC","광양전용구장","비",16.6,457
"03-16",574,"K LEAGUE 2",3,16,"수","FC 안양","부산 아이파크","안양종합운동장","구름조금",16.5,599
"04-16",575,"K LEAGUE 2",4,16,"토","경남 FC","부천FC","진주종합경기장","알수없음",NA,1399
"04-16",576,"K LEAGUE 2",4,16,"토","김포 FC","안산 그리너스","김포솔터축구장","알수없음",NA,1574
"05-16",577,"K LEAGUE 1",5,16,"일","울산 현대","수원 삼성","울산문수축구경기장","비",23.7,2728
"05-16",578,"K LEAGUE 1",5,16,"일","제주 Utd","대구 FC","제주월드컵경기장","비",28.5,1014
"05-16",579,"K LEAGUE 1",5,16,"토","부산 아이파크","전북 현대","부산구덕운동장","비",24.4,0
"05-16",580,"K LEAGUE 1",5,16,"토","상주 상무","강원 FC","상주시민운동장","흐림",23.6,0
"05-16",581,"K LEAGUE 1",5,16,"토","대구 FC","포항 스틸러스","DGB대구은행파크","비",26.6,0
"05-16",582,"K LEAGUE 2",5,16,"일","FC 안양","경남 FC","안양종합운동장","비",21.2,355
"05-16",583,"K LEAGUE 2",5,16,"토","안산 그리너스","수원 FC","안산와~스타디움","비",19.1,0
"05-16",584,"K LEAGUE 2",5,16,"토","전남 드래곤즈","제주 Utd","광양전용구장","비",17.6,0
"05-16",585,"K LEAGUE 2",5,16,"토","부천FC","FC 안양","부천종합운동장","비",19.1,0
"06-16",586,"K LEAGUE 1",6,16,"화","성남 FC","수원 삼성","탄천종합운동장","구름많음",29.5,0
"06-16",587,"K LEAGUE 1",6,16,"화","포항 스틸러스","전북 현대","포항스틸야드","구름조금",30.7,0
"06-16",588,"K LEAGUE 1",6,16,"화","강원 FC","울산 현대","강릉종합운동장","맑음",29.3,0
"06-16",589,"K LEAGUE 2",6,16,"수","충남 아산 FC","서울 이랜드","이순신종합운동장","구름많음",27.2,207
"07-16",590,"K LEAGUE 1",7,16,"토","울산 현대","수원 삼성","울산문수축구경기장","비",31.3,6202
"07-16",591,"K LEAGUE 1",7,16,"토","포항 스틸러스","제주 Utd","포항스틸야드","구름조금",31,4281
"07-16",592,"K LEAGUE 1",7,16,"토","FC 서울","대구 FC","서울월드컵경기장","비",28.2,8846
"07-16",593,"K LEAGUE 1",7,16,"토","수원 FC","강원 FC","수원종합운동장","구름조금",29.4,2939
"07-16",594,"K LEAGUE 1",7,16,"토","김천상무","인천 Utd","김천종합운동장","구름조금",33.4,1096
"07-16",595,"K LEAGUE 1",7,16,"토","전북 현대","성남 FC","전주월드컵경기장","구름많음",30.6,4601
"08-16",596,"K LEAGUE 1",8,16,"일","대구 FC","인천 Utd","DGB대구은행파크","구름조금",35.9,2999
"08-16",597,"K LEAGUE 1",8,16,"일","광주 FC","강원 FC","광주축구전용구장","구름조금",33,860
"08-16",598,"K LEAGUE 2",8,16,"화","FC 안양","부천FC","안양종합운동장","구름조금",30.3,1064
"08-16",599,"K LEAGUE 2",8,16,"화","부산 아이파크","서울 이랜드","부산아시아드주경기장","비",29.2,1062
"08-16",600,"K LEAGUE 2",8,16,"월","경남 FC","부산 아이파크","창원축구센터","구름조금",28.7,0
"08-16",601,"K LEAGUE 2",8,16,"일","경남 FC","충남 아산 FC","창원축구센터","구름조금",35,768
"08-16",602,"K LEAGUE 2",8,16,"일","수원 FC","제주 Utd","수원종합운동장","구름많음",31.6,0
"09-16",603,"K LEAGUE 1",9,16,"수","수원 삼성","포항 스틸러스","수원월드컵경기장","흐림",25.4,0
"09-16",604,"K LEAGUE 1",9,16,"수","인천 Utd","FC 서울","인천축구전용경기장","비",25.3,0
"09-16",605,"K LEAGUE 1",9,16,"수","부산 아이파크","강원 FC","부산구덕운동장","비",24.1,0
"09-16",606,"K LEAGUE 1",9,16,"수","대구 FC","성남 FC","DGB대구은행파크","비",23.7,0
"10-16",607,"K LEAGUE 1",10,16,"일","수원 삼성","수원 FC","수원월드컵경기장","흐림",20.7,9227
"10-16",608,"K LEAGUE 1",10,16,"일","FC 서울","성남 FC","서울월드컵경기장","흐림",20.5,7282
"10-16",609,"K LEAGUE 1",10,16,"일","대구 FC","김천상무","DGB대구은행파크","구름조금",25.7,9711
"10-16",610,"K LEAGUE 1",10,16,"일","제주 Utd","전북 현대","제주월드컵경기장","구름조금",23.1,6052
"10-16",611,"K LEAGUE 1",10,16,"일","강원 FC","울산 현대","춘천송암스포츠타운","흐림",19,4433
"10-16",612,"K LEAGUE 1",10,16,"일","인천 Utd","포항 스틸러스","인천축구전용경기장","흐림",19.2,7592
"10-16",613,"K LEAGUE 1",10,16,"금","강원 FC","인천 Utd","강릉종합운동장","구름많음",12.6,0
"10-16",614,"K LEAGUE 2",10,16,"토","충남 아산 FC","대전 하나 시티즌","이순신종합운동장","비",17.6,555
"10-16",615,"K LEAGUE 2",10,16,"토","경남 FC","안산 그리너스","창원축구센터","비",17.6,721
"03-17",616,"K LEAGUE 1",3,17,"수","포항 스틸러스","수원 삼성","포항스틸야드","맑음",17.7,1839
"03-17",617,"K LEAGUE 1",3,17,"수","강원 FC","성남 FC","강릉종합운동장","맑음",18.4,1014
"03-17",618,"K LEAGUE 1",3,17,"수","FC 서울","광주 FC","서울월드컵경기장","맑음",17.5,2723
"03-17",619,"K LEAGUE 1",3,17,"수","인천 Utd","수원 FC","인천축구전용경기장","맑음",12.8,1756
"04-17",620,"K LEAGUE 1",4,17,"토","광주 FC","포항 스틸러스","광주축구전용구장","구름조금",16.5,1055
"04-17",621,"K LEAGUE 1",4,17,"토","FC 서울","대구 FC","서울월드컵경기장","구름조금",14.6,2750
"04-17",622,"K LEAGUE 1",4,17,"토","수원 FC","강원 FC","수원종합운동장","구름조금",14.1,400
"04-17",623,"K LEAGUE 1",4,17,"토","인천 Utd","제주 Utd","인천축구전용경기장","구름조금",12.5,1831
"04-17",624,"K LEAGUE 2",4,17,"일","부산 아이파크","서울 이랜드","부산아시아드주경기장","알수없음",NA,1369
"04-17",625,"K LEAGUE 2",4,17,"토","경남 FC","부산 아이파크","창원축구센터","구름조금",19.6,975
"04-17",626,"K LEAGUE 2",4,17,"토","부천FC","안산 그리너스","부천종합운동장","구름조금",14.1,471
"04-17",627,"K LEAGUE 2",4,17,"토","대전 하나 시티즌","서울 이랜드","대전월드컵경기장","구름조금",16.6,1371
"05-17",628,"K LEAGUE 1",5,17,"화","수원 삼성","김천상무","수원월드컵경기장","맑음",26.7,2290
"05-17",629,"K LEAGUE 1",5,17,"화","인천 Utd","대구 FC","인천축구전용경기장","맑음",22.4,2754
"05-17",630,"K LEAGUE 1",5,17,"일","FC 서울","광주 FC","서울월드컵경기장","구름많음",24.9,0
"05-17",631,"K LEAGUE 1",5,17,"일","수원 삼성","울산 현대","수원월드컵경기장","비",25.7,0
"05-17",632,"K LEAGUE 1",5,17,"일","성남 FC","인천 Utd","탄천종합운동장","비",25.7,0
"05-17",633,"K LEAGUE 2",5,17,"화","전남 드래곤즈","FC 안양","광양전용구장","맑음",23.9,698
"05-17",634,"K LEAGUE 2",5,17,"화","대전 하나 시티즌","부산 아이파크","대전월드컵경기장","맑음",28.4,1172
"05-17",635,"K LEAGUE 2",5,17,"화","서울 이랜드","김포 FC","목동종합운동장 주경기장","맑음",27.4,799
"05-17",636,"K LEAGUE 2",5,17,"월","부천FC","서울 이랜드","부천종합운동장","비",16.3,439
"05-17",637,"K LEAGUE 2",5,17,"월","전남 드래곤즈","안산 그리너스","광양전용구장","비",16.1,454
"05-17",638,"K LEAGUE 2",5,17,"일","대전 하나 시티즌","충남 아산 FC","대전월드컵경기장","구름많음",28.5,0
"05-17",639,"K LEAGUE 2",5,17,"일","서울 이랜드","경남 FC","잠실올림픽주경기장","구름많음",24.9,0
"06-17",640,"K LEAGUE 1",6,17,"금","김천상무","수원 FC","김천종합운동장","구름조금",31.4,1331
"06-17",641,"K LEAGUE 1",6,17,"금","포항 스틸러스","강원 FC","포항스틸야드","구름조금",31,3036
"06-17",642,"K LEAGUE 1",6,17,"수","광주 FC","인천 Utd","광주축구전용구장","비",27,0
"06-17",643,"K LEAGUE 1",6,17,"수","상주 상무","FC 서울","상주시민운동장","흐림",27.9,0
"06-17",644,"K LEAGUE 1",6,17,"수","부산 아이파크","대구 FC","부산구덕운동장","흐림",26.2,0
"07-17",645,"K LEAGUE 2",7,17,"일","전남 드래곤즈","김포 FC","광양전용구장","비",28.7,1710
"07-17",646,"K LEAGUE 2",7,17,"토","부산 아이파크","안산 그리너스","부산구덕운동장","비",28,1293
"07-17",647,"K LEAGUE 2",7,17,"토","전남 드래곤즈","충남 아산 FC","광양전용구장","비",28.6,592
"08-17",648,"K LEAGUE 2",8,17,"수","충남 아산 FC","김포 FC","이순신종합운동장","비",30.4,441
"08-17",649,"K LEAGUE 2",8,17,"수","광주 FC","전남 드래곤즈","광주축구전용구장","비",30.2,872
"08-17",650,"K LEAGUE 2",8,17,"수","경남 FC","대전 하나 시티즌","창원축구센터","비",29.1,572
"08-17",651,"K LEAGUE 2",8,17,"월","대전 하나 시티즌","서울 이랜드","대전월드컵경기장","구름조금",33.6,1168
"09-17",652,"K LEAGUE 2",9,17,"토","충남 아산 FC","FC 안양","이순신종합운동장","구름많음",33,2355
"09-17",653,"K LEAGUE 2",9,17,"토","안산 그리너스","서울 이랜드","안산와~스타디움","비",30.2,835
"09-17",654,"K LEAGUE 2",9,17,"토","전남 드래곤즈","대전 하나 시티즌","광양전용구장","구름많음",30.8,842
"09-17",655,"K LEAGUE 2",9,17,"토","김포 FC","부산 아이파크","김포솔터축구장","비",30.2,1367
"09-17",656,"K LEAGUE 2",9,17,"토","경남 FC","부천FC","창원축구센터","비",32.2,1124
"10-17",657,"K LEAGUE 1",10,17,"일","강원 FC","광주 FC","강릉종합운동장","맑음",11.3,1336
"10-17",658,"K LEAGUE 1",10,17,"토","성남 FC","FC 서울","탄천종합운동장","비",18.6,1535
"10-17",659,"K LEAGUE 1",10,17,"토","상주 상무","대구 FC","상주시민운동장","구름조금",19.5,666
"10-17",660,"K LEAGUE 2",10,17,"일","FC 안양","서울 이랜드","안양종합운동장","맑음",11.4,0
"10-17",661,"K LEAGUE 2",10,17,"일","전남 드래곤즈","부산 아이파크","광양전용구장","맑음",12,661
"10-17",662,"K LEAGUE 2",10,17,"일","부천FC","김천상무","부천종합운동장","맑음",11.4,0
"10-17",663,"K LEAGUE 2",10,17,"토","FC 안양","서울 이랜드","안양종합운동장","비",18.6,616
"10-17",664,"K LEAGUE 2",10,17,"토","경남 FC","제주 Utd","창원축구센터","구름조금",21.2,867
"10-17",665,"K LEAGUE 2",10,17,"토","대전 하나 시티즌","부천FC","대전월드컵경기장","맑음",19.4,779
"11-17",666,"K LEAGUE 2",11,17,"화","대전 하나 시티즌","FC 안양","대전월드컵경기장","비",20.2,1950
"04-18",667,"K LEAGUE 1",4,18,"일","전북 현대","성남 FC","전주월드컵경기장","구름조금",15.7,3635
"04-18",668,"K LEAGUE 1",4,18,"일","수원 삼성","울산 현대","수원월드컵경기장","맑음",14.3,2761
"04-18",669,"K LEAGUE 2",4,18,"월","충남 아산 FC","대전 하나 시티즌","이순신종합운동장","알수없음",NA,759
"04-18",670,"K LEAGUE 2",4,18,"월","FC 안양","광주 FC","안양종합운동장","알수없음",NA,1044
"04-18",671,"K LEAGUE 2",4,18,"일","FC 안양","충남 아산 FC","안양종합운동장","맑음",14.3,563
"04-18",672,"K LEAGUE 2",4,18,"일","전남 드래곤즈","김천상무","광양전용구장","맑음",13.6,710
"05-18",673,"K LEAGUE 1",5,18,"수","포항 스틸러스","전북 현대","포항스틸야드","맑음",28.8,3591
"05-18",674,"K LEAGUE 1",5,18,"수","성남 FC","수원 FC","탄천종합운동장","비",26.5,1711
"05-18",675,"K LEAGUE 1",5,18,"수","울산 현대","제주 Utd","울산문수축구경기장","맑음",29.1,4293
"05-18",676,"K LEAGUE 1",5,18,"수","강원 FC","FC 서울","강릉종합운동장","구름조금",24.4,1668
"05-18",677,"K LEAGUE 1",5,18,"화","수원 FC","포항 스틸러스","수원종합운동장","구름조금",23.9,486
"05-18",678,"K LEAGUE 2",5,18,"수","안산 그리너스","충남 아산 FC","안산와~스타디움","비",26.5,785
"05-18",679,"K LEAGUE 2",5,18,"수","부천FC","경남 FC","부천종합운동장","비",26.5,1266
"06-18",680,"K LEAGUE 1",6,18,"토","제주 Utd","인천 Utd","제주월드컵경기장","구름조금",26.9,4155
"06-18",681,"K LEAGUE 1",6,18,"토","성남 FC","대구 FC","탄천종합운동장","흐림",26.3,2400
"06-18",682,"K LEAGUE 2",6,18,"토","전남 드래곤즈","광주 FC","광양전용구장","구름많음",26,1868
"06-18",683,"K LEAGUE 2",6,18,"토","FC 안양","대전 하나 시티즌","안양종합운동장","흐림",26.3,1805
"06-18",684,"K LEAGUE 2",6,18,"토","김포 FC","부천FC","김포솔터축구장","흐림",26.3,1595
"07-18",685,"K LEAGUE 1",7,18,"토","FC 서울","포항 스틸러스","서울월드컵경기장","구름조금",31,0
"07-18",686,"K LEAGUE 1",7,18,"토","상주 상무","대구 FC","상주시민운동장","구름조금",27.9,0
"07-18",687,"K LEAGUE 1",7,18,"토","부산 아이파크","광주 FC","부산구덕운동장","흐림",25.5,0
"07-18",688,"K LEAGUE 2",7,18,"월","부산 아이파크","안산 그리너스","부산아시아드주경기장","비",26.2,993
"07-18",689,"K LEAGUE 2",7,18,"월","대전 하나 시티즌","서울 이랜드","대전월드컵경기장","비",25.5,1482
"07-18",690,"K LEAGUE 2",7,18,"일","FC 안양","대전 하나 시티즌","안양종합운동장","비",34.3,0
"07-18",691,"K LEAGUE 2",7,18,"토","전남 드래곤즈","부천FC","광양전용구장","비",23.8,0
"07-18",692,"K LEAGUE 2",7,18,"토","서울 이랜드","제주 Utd","잠실올림픽주경기장","구름조금",31,0
"08-18",693,"K LEAGUE 1",8,18,"수","인천 Utd","성남 FC","인천축구전용경기장","비",28.7,0
"08-18",694,"K LEAGUE 1",8,18,"수","FC 서울","제주 Utd","서울월드컵경기장","비",31,0
"08-18",695,"K LEAGUE 2",8,18,"수","서울 이랜드","FC 안양","잠실올림픽주경기장","비",31,0
"09-18",696,"K LEAGUE 1",9,18,"일","울산 현대","수원 FC","울산문수축구경기장","비",28.8,15161
"09-18",697,"K LEAGUE 1",9,18,"일","성남 FC","포항 스틸러스","탄천종합운동장","흐림",32,1876
"09-18",698,"K LEAGUE 1",9,18,"일","수원 삼성","전북 현대","수원월드컵경기장","흐림",32,10018
"09-18",699,"K LEAGUE 1",9,18,"일","대구 FC","FC 서울","DGB대구은행파크","흐림",30.5,9330
"09-18",700,"K LEAGUE 1",9,18,"일","김천상무","인천 Utd","김천종합운동장","흐림",30.4,1260
"09-18",701,"K LEAGUE 1",9,18,"일","강원 FC","제주 Utd","춘천송암스포츠타운","흐림",27.5,3344
"09-18",702,"K LEAGUE 1",9,18,"토","대구 FC","울산 현대","DGB대구은행파크","구름조금",26.6,3111
"09-18",703,"K LEAGUE 1",9,18,"토","광주 FC","제주 Utd","광주축구전용구장","구름많음",27.9,1147
"09-18",704,"K LEAGUE 1",9,18,"토","전북 현대","수원 삼성","전주월드컵경기장","구름조금",28.8,3837
"09-18",705,"K LEAGUE 2",9,18,"토","전남 드래곤즈","부천FC","광양전용구장","구름조금",27,524
"09-18",706,"K LEAGUE 2",9,18,"토","경남 FC","김천상무","창원축구센터","구름조금",27.7,867
"09-18",707,"K LEAGUE 2",9,18,"토","부산 아이파크","FC 안양","부산구덕운동장","구름많음",26.8,1015
"10-18",708,"K LEAGUE 1",10,18,"일","포항 스틸러스","울산 현대","포항스틸야드","구름조금",19.8,2453
"10-18",709,"K LEAGUE 1",10,18,"일","전북 현대","광주 FC","전주월드컵경기장","맑음",20.7,3598
"10-18",710,"K LEAGUE 1",10,18,"일","부산 아이파크","수원 삼성","부산구덕운동장","구름조금",22.2,830
"10-18",711,"K LEAGUE 2",10,18,"일","충남 아산 FC","안산 그리너스","이순신종합운동장","맑음",20.2,391
"10-18",712,"K LEAGUE 2",10,18,"일","수원 FC","전남 드래곤즈","수원종합운동장","맑음",19.5,437
"02-19",713,"K LEAGUE 1",2,19,"토","대구 FC","FC 서울","DGB대구은행파크","구름많음",7.1,8082
"02-19",714,"K LEAGUE 1",2,19,"토","전북 현대","수원 FC","전주월드컵경기장","흐림",5.5,7715
"02-19",715,"K LEAGUE 1",2,19,"토","인천 Utd","수원 삼성","인천축구전용경기장","구름많음",3.1,5382
"02-19",716,"K LEAGUE 2",2,19,"토","광주 FC","김포 FC","광주축구전용구장","흐림",5.7,697
"02-19",717,"K LEAGUE 2",2,19,"토","FC 안양","전남 드래곤즈","안양종합운동장","구름많음",4,1438
"03-19",718,"K LEAGUE 1",3,19,"토","FC 서울","제주 Utd","서울월드컵경기장","눈",6.1,6276
"03-19",719,"K LEAGUE 1",3,19,"토","전북 현대","김천상무","전주월드컵경기장","비",7,2767
"03-19",720,"K LEAGUE 1",3,19,"토","수원 삼성","강원 FC","수원월드컵경기장","비",6.5,1989
"03-19",721,"K LEAGUE 2",3,19,"토","부산 아이파크","전남 드래곤즈","부산아시아드주경기장","비",9.7,711
"03-19",722,"K LEAGUE 2",3,19,"토","서울 이랜드","충남 아산 FC","목동종합운동장 주경기장","눈",6.1,2376
"05-19",723,"K LEAGUE 1",5,19,"수","수원 삼성","대구 FC","수원월드컵경기장","구름조금",26.2,3304
"05-19",724,"K LEAGUE 1",5,19,"수","전북 현대","울산 현대","전주월드컵경기장","구름조금",27.5,5980
"05-19",725,"K LEAGUE 1",5,19,"수","광주 FC","제주 Utd","광주축구전용구장","구름많음",28.2,890
"06-19",726,"K LEAGUE 1",6,19,"일","수원 삼성","FC 서울","수원월드컵경기장","흐림",25.7,12922
"06-19",727,"K LEAGUE 1",6,19,"일","울산 현대","전북 현대","울산문수축구경기장","맑음",30.8,13192
"06-19",728,"K LEAGUE 1",6,19,"토","광주 FC","FC 서울","광주축구전용구장","구름조금",29,1364
"06-19",729,"K LEAGUE 2",6,19,"일","충남 아산 FC","서울 이랜드","이순신종합운동장","흐림",29.2,1246
"06-19",730,"K LEAGUE 2",6,19,"일","부산 아이파크","경남 FC","부산아시아드주경기장","맑음",26.7,1390
"06-19",731,"K LEAGUE 2",6,19,"토","대전 하나 시티즌","안산 그리너스","대전월드컵경기장","구름조금",29.1,1653
"06-19",732,"K LEAGUE 2",6,19,"토","김천상무","서울 이랜드","김천종합운동장","맑음",30.2,385
"07-19",733,"K LEAGUE 1",7,19,"일","인천 Utd","전북 현대","인천축구전용경기장","비",27,0
"07-19",734,"K LEAGUE 1",7,19,"일","울산 현대","강원 FC","울산문수축구경기장","비",26.8,0
"07-19",735,"K LEAGUE 1",7,19,"일","수원 삼성","성남 FC","수원월드컵경기장","비",28.1,0
"07-19",736,"K LEAGUE 2",7,19,"월","경남 FC","부천FC","창원축구센터","비",30.1,653
"07-19",737,"K LEAGUE 2",7,19,"월","서울 이랜드","김천상무","잠실올림픽주경기장","비",30.5,0
"07-19",738,"K LEAGUE 2",7,19,"일","충남 아산 FC","FC 안양","이순신종합운동장","비",29.9,0
"07-19",739,"K LEAGUE 2",7,19,"일","대전 하나 시티즌","수원 FC","대전월드컵경기장","비",29.9,0
"09-19",740,"K LEAGUE 1",9,19,"일","FC 서울","수원 FC","서울월드컵경기장","구름많음",27.8,0
"09-19",741,"K LEAGUE 1",9,19,"일","인천 Utd","성남 FC","인천축구전용경기장","구름많음",27.6,0
"09-19",742,"K LEAGUE 2",9,19,"일","서울 이랜드","대전 하나 시티즌","잠실올림픽주경기장","구름많음",27.8,0
"09-19",743,"K LEAGUE 2",9,19,"일","충남 아산 FC","안산 그리너스","이순신종합운동장","맑음",28.2,353
"09-19",744,"K LEAGUE 2",9,19,"토","FC 안양","전남 드래곤즈","안양종합운동장","비",26.3,0
"09-19",745,"K LEAGUE 2",9,19,"토","부천FC","제주 Utd","부천종합운동장","비",26.3,0
"09-19",746,"K LEAGUE 2",9,19,"토","대전 하나 시티즌","서울 이랜드","대전월드컵경기장","비",26.6,0
"09-19",747,"K LEAGUE 2",9,19,"토","경남 FC","안산 그리너스","창원축구센터","구름조금",26.2,0
"10-19",748,"K LEAGUE 2",10,19,"수","부천FC","경남 FC","부천종합운동장","맑음",16.7,2119
"02-20",749,"K LEAGUE 1",2,20,"일","제주 Utd","포항 스틸러스","제주월드컵경기장","눈",3.4,2514
"02-20",750,"K LEAGUE 1",2,20,"일","강원 FC","성남 FC","강릉종합운동장","맑음",-0.6,1933
"02-20",751,"K LEAGUE 1",2,20,"일","울산 현대","김천상무","울산문수축구경기장","맑음",2.4,4673
"02-20",752,"K LEAGUE 2",2,20,"일","안산 그리너스","부산 아이파크","안산와~스타디움","맑음",-0.7,1070
"02-20",753,"K LEAGUE 2",2,20,"일","부천FC","충남 아산 FC","부천종합운동장","맑음",-0.7,1017
"02-20",754,"K LEAGUE 2",2,20,"일","경남 FC","서울 이랜드","밀양종합운동장","맑음",3.2,1973
"03-20",755,"K LEAGUE 1",3,20,"일","성남 FC","인천 Utd","탄천종합운동장","구름많음",8.6,1361
"03-20",756,"K LEAGUE 1",3,20,"일","수원 FC","대구 FC","수원종합운동장","구름많음",8.6,3129
"03-20",757,"K LEAGUE 1",3,20,"토","제주 Utd","광주 FC","제주월드컵경기장","비",15.7,1251
"03-20",758,"K LEAGUE 1",3,20,"토","전북 현대","수원 FC","전주월드컵경기장","비",11.1,3549
"03-20",759,"K LEAGUE 2",3,20,"일","안산 그리너스","경남 FC","안산와~스타디움","구름많음",8.6,560
"03-20",760,"K LEAGUE 2",3,20,"일","김포 FC","대전 하나 시티즌","김포솔터축구장","구름많음",8.6,1398
"03-20",761,"K LEAGUE 2",3,20,"일","부천FC","광주 FC","부천종합운동장","구름많음",8.6,1057
"03-20",762,"K LEAGUE 2",3,20,"토","부천FC","전남 드래곤즈","부천종합운동장","비",13.5,565
"03-20",763,"K LEAGUE 2",3,20,"토","FC 안양","대전 하나 시티즌","안양종합운동장","비",13.5,429
"03-20",764,"K LEAGUE 2",3,20,"토","안산 그리너스","충남 아산 FC","안산와~스타디움","비",13.5,384
"04-20",765,"K LEAGUE 1",4,20,"화","포항 스틸러스","수원 FC","포항스틸야드","맑음",26.7,1369
"04-20",766,"K LEAGUE 1",4,20,"화","강원 FC","광주 FC","춘천송암스포츠타운","맑음",25.6,1025
"06-20",767,"K LEAGUE 1",6,20,"일","울산 현대","성남 FC","울산문수축구경기장","구름조금",28.4,3913
"06-20",768,"K LEAGUE 1",6,20,"토","FC 서울","울산 현대","서울월드컵경기장","맑음",29.7,0
"06-20",769,"K LEAGUE 1",6,20,"토","포항 스틸러스","강원 FC","포항스틸야드","구름많음",28.9,0
"06-20",770,"K LEAGUE 1",6,20,"토","성남 FC","상주 상무","탄천종합운동장","맑음",29.3,0
"06-20",771,"K LEAGUE 2",6,20,"일","부산 아이파크","FC 안양","부산구덕운동장","구름조금",26.5,1149
"06-20",772,"K LEAGUE 2",6,20,"일","충남 아산 FC","전남 드래곤즈","이순신종합운동장","구름조금",31,362
"06-20",773,"K LEAGUE 2",6,20,"일","부천FC","경남 FC","부천종합운동장","구름조금",29.6,818
"06-20",774,"K LEAGUE 2",6,20,"토","대전 하나 시티즌","전남 드래곤즈","대전월드컵경기장","비",29.4,0
"06-20",775,"K LEAGUE 2",6,20,"토","충남 아산 FC","제주 Utd","이순신종합운동장","비",29.4,0
"07-20",776,"K LEAGUE 1",7,20,"화","수원 삼성","수원 FC","수원월드컵경기장","흐림",32.8,0
"07-20",777,"K LEAGUE 2",7,20,"월","안산 그리너스","경남 FC","안산와~스타디움","비",27.8,0
"08-20",778,"K LEAGUE 1",8,20,"토","포항 스틸러스","인천 Utd","포항스틸야드","비",31.1,3479
"08-20",779,"K LEAGUE 1",8,20,"토","제주 Utd","수원 삼성","제주월드컵경기장","흐림",32.6,3521
"08-20",780,"K LEAGUE 1",8,20,"금","대구 FC","광주 FC","DGB대구은행파크","구름조금",31.9,2321
"08-20",781,"K LEAGUE 2",8,20,"토","서울 이랜드","광주 FC","목동종합운동장 주경기장","구름조금",32,1403
"09-20",782,"K LEAGUE 1",9,20,"일","인천 Utd","울산 현대","인천축구전용경기장","맑음",23.5,0
"09-20",783,"K LEAGUE 1",9,20,"일","성남 FC","광주 FC","탄천종합운동장","맑음",24.9,0
"09-20",784,"K LEAGUE 1",9,20,"일","강원 FC","수원 삼성","강릉종합운동장","맑음",23.1,0
"09-20",785,"K LEAGUE 1",9,20,"일","포항 스틸러스","상주 상무","포항스틸야드","맑음",24.6,0
"09-20",786,"K LEAGUE 1",9,20,"일","FC 서울","대구 FC","서울월드컵경기장","맑음",24.9,0
"09-20",787,"K LEAGUE 1",9,20,"일","전북 현대","부산 아이파크","전주월드컵경기장","구름조금",25.3,0
"03-21",788,"K LEAGUE 1",3,21,"일","강원 FC","인천 Utd","강릉종합운동장","비",9.2,1550
"03-21",789,"K LEAGUE 1",3,21,"일","성남 FC","포항 스틸러스","탄천종합운동장","구름조금",8.9,1345
"03-21",790,"K LEAGUE 1",3,21,"일","수원 삼성","FC 서울","수원월드컵경기장","구름조금",8.9,3311
"03-21",791,"K LEAGUE 1",3,21,"일","대구 FC","울산 현대","DGB대구은행파크","구름많음",11.7,3055
"03-21",792,"K LEAGUE 2",3,21,"일","부산 아이파크","김천상무","부산구덕운동장","구름많음",15.2,1345
"03-21",793,"K LEAGUE 2",3,21,"일","경남 FC","서울 이랜드","창원축구센터","구름많음",13.1,1227
"04-21",794,"K LEAGUE 1",4,21,"수","울산 현대","전북 현대","울산문수축구경기장","구름조금",25.7,3232
"04-21",795,"K LEAGUE 1",4,21,"수","성남 FC","인천 Utd","탄천종합운동장","구름조금",28.6,634
"04-21",796,"K LEAGUE 1",4,21,"수","대구 FC","수원 삼성","DGB대구은행파크","구름조금",29.5,2037
"04-21",797,"K LEAGUE 1",4,21,"수","제주 Utd","FC 서울","제주월드컵경기장","구름많음",22.8,1934
"05-21",798,"K LEAGUE 1",5,21,"토","포항 스틸러스","인천 Utd","포항스틸야드","맑음",28.4,4824
"05-21",799,"K LEAGUE 1",5,21,"토","김천상무","울산 현대","김천종합운동장","비",29.3,2094
"05-21",800,"K LEAGUE 1",5,21,"토","FC 서울","성남 FC","서울월드컵경기장","구름조금",26,9247
"05-21",801,"K LEAGUE 1",5,21,"금","수원 FC","인천 Utd","수원종합운동장","비",16.9,446
"05-21",802,"K LEAGUE 2",5,21,"토","전남 드래곤즈","안산 그리너스","광양전용구장","맑음",23.8,1138
"05-21",803,"K LEAGUE 2",5,21,"토","대전 하나 시티즌","부천FC","대전월드컵경기장","맑음",28.7,4607
"06-21",804,"K LEAGUE 1",6,21,"화","대구 FC","제주 Utd","DGB대구은행파크","구름조금",34.1,4651
"06-21",805,"K LEAGUE 1",6,21,"화","김천상무","성남 FC","김천종합운동장","맑음",34.5,389
"06-21",806,"K LEAGUE 1",6,21,"화","수원 FC","포항 스틸러스","수원종합운동장","구름조금",31.4,1798
"06-21",807,"K LEAGUE 1",6,21,"일","대구 FC","수원 삼성","DGB대구은행파크","맑음",27.2,0
"06-21",808,"K LEAGUE 1",6,21,"일","인천 Utd","부산 아이파크","인천축구전용경기장","맑음",28.8,0
"06-21",809,"K LEAGUE 1",6,21,"일","전북 현대","광주 FC","전주월드컵경기장","구름조금",31.6,0
"06-21",810,"K LEAGUE 2",6,21,"화","김포 FC","전남 드래곤즈","김포솔터축구장","구름조금",31.4,801
"06-21",811,"K LEAGUE 2",6,21,"화","대전 하나 시티즌","광주 FC","대전월드컵경기장","맑음",35.7,1791
"06-21",812,"K LEAGUE 2",6,21,"일","경남 FC","부천FC","창원축구센터","구름조금",29.8,0
"06-21",813,"K LEAGUE 2",6,21,"일","수원 FC","FC 안양","수원종합운동장","맑음",31.9,0
"07-21",814,"K LEAGUE 1",7,21,"수","광주 FC","강원 FC","광주축구전용구장","구름조금",35.1,701
"08-21",815,"K LEAGUE 1",8,21,"일","FC 서울","성남 FC","서울월드컵경기장","구름많음",32,7755
"08-21",816,"K LEAGUE 1",8,21,"일","김천상무","울산 현대","김천종합운동장","구름조금",31.2,1757
"08-21",817,"K LEAGUE 1",8,21,"토","성남 FC","전북 현대","탄천종합운동장","비",28.1,0
"08-21",818,"K LEAGUE 1",8,21,"토","수원 FC","제주 Utd","수원월드컵경기장","비",28.1,0
"08-21",819,"K LEAGUE 2",8,21,"일","김포 FC","전남 드래곤즈","김포솔터축구장","구름조금",33,1301
"08-21",820,"K LEAGUE 2",8,21,"일","대전 하나 시티즌","FC 안양","대전월드컵경기장","구름조금",32.8,2884
"08-21",821,"K LEAGUE 2",8,21,"토","안산 그리너스","충남 아산 FC","안산와~스타디움","비",28.1,0
"08-21",822,"K LEAGUE 2",8,21,"토","대전 하나 시티즌","경남 FC","대전한밭종합운동장","비",26.6,0
"09-21",823,"K LEAGUE 1",9,21,"화","수원 삼성","강원 FC","수원월드컵경기장","비",26.5,0
"09-21",824,"K LEAGUE 1",9,21,"화","광주 FC","전북 현대","광주축구전용구장","비",26,1452
"09-21",825,"K LEAGUE 1",9,21,"화","포항 스틸러스","울산 현대","포항스틸야드","비",25.2,2971
"09-21",826,"K LEAGUE 2",9,21,"수","서울 이랜드","경남 FC","목동종합운동장 주경기장","맑음",25.6,700
"09-21",827,"K LEAGUE 2",9,21,"수","FC 안양","대전 하나 시티즌","안양종합운동장","맑음",25.1,1202
"09-21",828,"K LEAGUE 2",9,21,"월","충남 아산 FC","수원 FC","이순신종합운동장","구름조금",24.4,0
"11-21",829,"K LEAGUE 1",11,21,"일","수원 FC","전북 현대","수원월드컵경기장","비",14.5,2765
"11-21",830,"K LEAGUE 1",11,21,"일","울산 현대","제주 Utd","울산문수축구경기장","흐림",19.1,4208
"11-21",831,"K LEAGUE 1",11,21,"일","대구 FC","수원 삼성","DGB대구은행파크","흐림",16.9,4562
"11-21",832,"K LEAGUE 2",11,21,"토","경남 FC","대전 하나 시티즌","창원축구센터","구름조금",14.6,1288
"11-21",833,"K LEAGUE 2",11,21,"토","서울 이랜드","전남 드래곤즈","잠실올림픽주경기장","비",12.8,1526
"05-22",834,"K LEAGUE 1",5,22,"일","수원 FC","전북 현대","수원종합운동장","구름조금",25.1,4037
"05-22",835,"K LEAGUE 1",5,22,"일","제주 Utd","수원 삼성","제주월드컵경기장","맑음",26.2,4027
"05-22",836,"K LEAGUE 1",5,22,"일","대구 FC","강원 FC","DGB대구은행파크","맑음",32.7,6633
"05-22",837,"K LEAGUE 1",5,22,"토","울산 현대","포항 스틸러스","울산문수축구경기장","맑음",24.5,4040
"05-22",838,"K LEAGUE 1",5,22,"토","제주 Utd","성남 FC","제주월드컵경기장","구름조금",22,1014
"05-22",839,"K LEAGUE 1",5,22,"금","포항 스틸러스","FC 서울","포항스틸야드","흐림",22.3,0
"05-22",840,"K LEAGUE 2",5,22,"일","경남 FC","광주 FC","진주종합경기장","맑음",32.2,1218
"05-22",841,"K LEAGUE 2",5,22,"일","FC 안양","서울 이랜드","안양종합운동장","구름조금",25.1,1430
"05-22",842,"K LEAGUE 2",5,22,"일","김포 FC","부산 아이파크","김포솔터축구장","구름조금",25.1,1452
"05-22",843,"K LEAGUE 2",5,22,"토","안산 그리너스","서울 이랜드","안산와~스타디움","맑음",23.6,478
"06-22",844,"K LEAGUE 1",6,22,"수","전북 현대","수원 삼성","전주월드컵경기장","구름조금",32.3,4815
"06-22",845,"K LEAGUE 1",6,22,"수","FC 서울","울산 현대","서울월드컵경기장","구름많음",31,8523
"06-22",846,"K LEAGUE 1",6,22,"수","인천 Utd","강원 FC","인천축구전용경기장","구름많음",26.6,2509
"06-22",847,"K LEAGUE 2",6,22,"수","경남 FC","충남 아산 FC","진주종합경기장","구름조금",34.7,386
"06-22",848,"K LEAGUE 2",6,22,"수","서울 이랜드","안산 그리너스","목동종합운동장 주경기장","구름많음",31,563
"06-22",849,"K LEAGUE 2",6,22,"수","부천FC","FC 안양","부천종합운동장","구름많음",30.1,772
"06-22",850,"K LEAGUE 2",6,22,"월","서울 이랜드","안산 그리너스","잠실올림픽주경기장","맑음",35.4,0
"08-22",851,"K LEAGUE 1",8,22,"일","울산 현대","수원 삼성","울산문수축구경기장","비",31,3155
"08-22",852,"K LEAGUE 1",8,22,"일","FC 서울","포항 스틸러스","서울월드컵경기장","흐림",27,0
"08-22",853,"K LEAGUE 1",8,22,"토","인천 Utd","수원 삼성","인천축구전용경기장","비",29,0
"08-22",854,"K LEAGUE 1",8,22,"토","광주 FC","FC 서울","광주축구전용구장","흐림",30.1,0
"08-22",855,"K LEAGUE 1",8,22,"토","부산 아이파크","포항 스틸러스","부산구덕운동장","구름많음",30.8,0
"08-22",856,"K LEAGUE 1",8,22,"토","강원 FC","대구 FC","강릉종합운동장","비",28.1,0
"08-22",857,"K LEAGUE 2",8,22,"월","부천FC","부산 아이파크","부천종합운동장","비",30.9,802
"08-22",858,"K LEAGUE 2",8,22,"월","안산 그리너스","충남 아산 FC","안산와~스타디움","비",30.9,537
"08-22",859,"K LEAGUE 2",8,22,"일","서울 이랜드","전남 드래곤즈","잠실올림픽주경기장","흐림",27,0
"08-22",860,"K LEAGUE 2",8,22,"토","충남 아산 FC","전남 드래곤즈","이순신종합운동장","비",31.1,0
"08-22",861,"K LEAGUE 2",8,22,"토","부천FC","경남 FC","부천종합운동장","비",29.4,0
"09-22",862,"K LEAGUE 1",9,22,"수","FC 서울","인천 Utd","서울월드컵경기장","비",24.3,0
"09-22",863,"K LEAGUE 1",9,22,"수","수원 FC","성남 FC","수원월드컵경기장","비",25.5,0
"09-22",864,"K LEAGUE 1",9,22,"수","제주 Utd","대구 FC","제주월드컵경기장","맑음",32.2,0
"09-22",865,"K LEAGUE 2",9,22,"수","부산 아이파크","서울 이랜드","부산구덕운동장","비",27.3,1024
"10-22",866,"K LEAGUE 1",10,22,"토","성남 FC","대구 FC","탄천종합운동장","구름조금",20.6,1974
"10-22",867,"K LEAGUE 1",10,22,"토","수원 FC","FC 서울","수원종합운동장","구름조금",20.6,6452
"10-22",868,"K LEAGUE 1",10,22,"토","김천상무","수원 삼성","김천종합운동장","구름조금",23.9,2460
"04-23",869,"K LEAGUE 2",4,23,"토","경남 FC","서울 이랜드","진주종합경기장","알수없음",NA,938
"04-23",870,"K LEAGUE 2",4,23,"토","광주 FC","부천FC","광주축구전용구장","알수없음",NA,1061
"05-23",871,"K LEAGUE 1",5,23,"일","강원 FC","FC 서울","춘천송암스포츠타운","흐림",25.3,1862
"05-23",872,"K LEAGUE 1",5,23,"일","대구 FC","전북 현대","DGB대구은행파크","구름조금",30.8,3085
"05-23",873,"K LEAGUE 1",5,23,"일","광주 FC","수원 삼성","광주축구전용구장","구름많음",30.4,1269
"05-23",874,"K LEAGUE 1",5,23,"토","강원 FC","성남 FC","강릉종합운동장","비",24.3,0
"05-23",875,"K LEAGUE 1",5,23,"토","수원 삼성","인천 Utd","수원월드컵경기장","구름많음",25.4,0
"05-23",876,"K LEAGUE 1",5,23,"토","상주 상무","광주 FC","상주시민운동장","맑음",25.6,0
"05-23",877,"K LEAGUE 2",5,23,"일","전남 드래곤즈","부산 아이파크","광양전용구장","구름조금",25.8,1012
"05-23",878,"K LEAGUE 2",5,23,"일","경남 FC","충남 아산 FC","창원축구센터","구름많음",29.7,874
"05-23",879,"K LEAGUE 2",5,23,"일","FC 안양","김천상무","안양종합운동장","구름많음",25.4,531
"05-23",880,"K LEAGUE 2",5,23,"토","안산 그리너스","부천FC","안산와~스타디움","구름많음",25.4,0
"05-23",881,"K LEAGUE 2",5,23,"토","제주 Utd","대전 하나 시티즌","제주월드컵경기장","맑음",22.4,0
"06-23",882,"K LEAGUE 2",6,23,"수","충남 아산 FC","안산 그리너스","이순신종합운동장","비",25.1,155
"07-23",883,"K LEAGUE 1",7,23,"금","수원 삼성","인천 Utd","수원월드컵경기장","맑음",35.7,0
"07-23",884,"K LEAGUE 2",7,23,"토","안산 그리너스","김포 FC","안산와~스타디움","비",28.1,3019
"07-23",885,"K LEAGUE 2",7,23,"토","부천FC","충남 아산 FC","부천종합운동장","비",28.1,985
"08-23",886,"K LEAGUE 1",8,23,"일","전북 현대","상주 상무","전주월드컵경기장","구름조금",32.6,0
"08-23",887,"K LEAGUE 1",8,23,"일","성남 FC","울산 현대","탄천종합운동장","구름조금",30.4,0
"08-23",888,"K LEAGUE 2",8,23,"월","부산 아이파크","김천상무","부산구덕운동장","비",26.7,0
"08-23",889,"K LEAGUE 2",8,23,"월","부천FC","FC 안양","부천종합운동장","비",24.3,0
"08-23",890,"K LEAGUE 2",8,23,"일","수원 FC","서울 이랜드","수원종합운동장","구름조금",30.4,0
"08-23",891,"K LEAGUE 2",8,23,"일","제주 Utd","안산 그리너스","제주월드컵경기장","구름조금",31.2,0
"10-23",892,"K LEAGUE 1",10,23,"일","포항 스틸러스","강원 FC","포항스틸야드","비",20,7764
"10-23",893,"K LEAGUE 1",10,23,"일","전북 현대","인천 Utd","전주월드컵경기장","구름조금",19.7,7271
"10-23",894,"K LEAGUE 1",10,23,"일","울산 현대","제주 Utd","울산문수축구경기장","구름조금",21.3,23817
"10-23",895,"K LEAGUE 1",10,23,"금","수원 삼성","성남 FC","수원월드컵경기장","맑음",12.9,2583
"10-23",896,"K LEAGUE 2",10,23,"일","FC 안양","경남 FC","안양종합운동장","맑음",18.3,3641
"10-23",897,"K LEAGUE 2",10,23,"토","부천FC","충남 아산 FC","부천종합운동장","맑음",18.1,314
"10-23",898,"K LEAGUE 2",10,23,"토","김천상무","전남 드래곤즈","김천종합운동장","맑음",19.1,343
"10-23",899,"K LEAGUE 2",10,23,"토","대전 하나 시티즌","FC 안양","대전한밭종합운동장","맑음",20,2623
"10-23",900,"K LEAGUE 2",10,23,"토","안산 그리너스","서울 이랜드","안산와~스타디움","맑음",18.1,568
"10-23",901,"K LEAGUE 2",10,23,"토","부산 아이파크","경남 FC","부산구덕운동장","맑음",21,1376
"04-24",902,"K LEAGUE 1",4,24,"토","포항 스틸러스","제주 Utd","포항스틸야드","구름많음",23.4,2041
"04-24",903,"K LEAGUE 1",4,24,"토","광주 FC","대구 FC","광주축구전용구장","구름조금",27.2,1265
"04-24",904,"K LEAGUE 1",4,24,"토","강원 FC","전북 현대","춘천송암스포츠타운","구름많음",22.5,2204
"04-24",905,"K LEAGUE 2",4,24,"일","부산 아이파크","FC 안양","부산아시아드주경기장","알수없음",NA,1232
"04-24",906,"K LEAGUE 2",4,24,"일","안산 그리너스","대전 하나 시티즌","안산와~스타디움","알수없음",NA,1016
"04-24",907,"K LEAGUE 2",4,24,"일","충남 아산 FC","김포 FC","이순신종합운동장","알수없음",NA,734
"04-24",908,"K LEAGUE 2",4,24,"토","경남 FC","부천FC","창원축구센터","구름많음",25.2,707
"04-24",909,"K LEAGUE 2",4,24,"토","안산 그리너스","대전 하나 시티즌","안산와~스타디움","구름많음",23,479
"04-24",910,"K LEAGUE 2",4,24,"토","부산 아이파크","전남 드래곤즈","부산구덕운동장","구름조금",20.1,1087
"05-24",911,"K LEAGUE 1",5,24,"일","전북 현대","대구 FC","전주월드컵경기장","비",21.9,0
"05-24",912,"K LEAGUE 1",5,24,"일","울산 현대","부산 아이파크","울산문수축구경기장","구름많음",27.5,0
"05-24",913,"K LEAGUE 2",5,24,"월","대전 하나 시티즌","부천FC","대전월드컵경기장","구름조금",25.6,1021
"05-24",914,"K LEAGUE 2",5,24,"일","FC 안양","경남 FC","안양종합운동장","비",19.6,0
"05-24",915,"K LEAGUE 2",5,24,"일","서울 이랜드","전남 드래곤즈","잠실올림픽주경기장","비",20.2,0
"05-24",916,"K LEAGUE 2",5,24,"일","충남 아산 FC","수원 FC","이순신종합운동장","비",24,0
"07-24",917,"K LEAGUE 1",7,24,"토","포항 스틸러스","FC 서울","포항스틸야드","구름많음",34.2,2033
"07-24",918,"K LEAGUE 2",7,24,"일","전남 드래곤즈","부산 아이파크","광양전용구장","비",25.2,1248
"07-24",919,"K LEAGUE 2",7,24,"토","안산 그리너스","김천상무","안산와~스타디움","구름조금",36.3,0
"07-24",920,"K LEAGUE 2",7,24,"토","대전 하나 시티즌","부산 아이파크","대전월드컵경기장","구름많음",34.7,1014
"08-24",921,"K LEAGUE 1",8,24,"화","광주 FC","성남 FC","광주축구전용구장","비",28,487
"08-24",922,"K LEAGUE 2",8,24,"월","FC 안양","대전 하나 시티즌","안양종합운동장","구름조금",32,0
"09-24",923,"K LEAGUE 2",9,24,"토","부천FC","김포 FC","부천종합운동장","구름조금",24.4,2276
"10-24",924,"K LEAGUE 1",10,24,"일","제주 Utd","전북 현대","제주월드컵경기장","흐림",20.5,3018
"10-24",925,"K LEAGUE 1",10,24,"일","성남 FC","울산 현대","탄천종합운동장","맑음",18.1,767
"10-24",926,"K LEAGUE 1",10,24,"일","대구 FC","수원 삼성","DGB대구은행파크","구름많음",19.9,3108
"10-24",927,"K LEAGUE 1",10,24,"일","강원 FC","FC 서울","강릉종합운동장","구름조금",16.7,1868
"10-24",928,"K LEAGUE 1",10,24,"일","수원 FC","광주 FC","수원월드컵경기장","맑음",18.1,198
"10-24",929,"K LEAGUE 1",10,24,"일","포항 스틸러스","인천 Utd","포항스틸야드","구름조금",17.7,2631
"10-24",930,"K LEAGUE 1",10,24,"토","인천 Utd","부산 아이파크","인천축구전용경기장","맑음",13.5,3428
"10-24",931,"K LEAGUE 1",10,24,"토","FC 서울","강원 FC","서울월드컵경기장","맑음",14,2621
"10-24",932,"K LEAGUE 2",10,24,"토","전남 드래곤즈","대전 하나 시티즌","광양전용구장","구름조금",13.6,707
"10-24",933,"K LEAGUE 2",10,24,"토","제주 Utd","수원 FC","제주월드컵경기장","구름조금",17.6,1690
"10-24",934,"K LEAGUE 2",10,24,"토","충남 아산 FC","FC 안양","이순신종합운동장","맑음",15.6,263
"04-25",935,"K LEAGUE 1",4,25,"일","인천 Utd","울산 현대","인천축구전용경기장","맑음",22.5,1930
"04-25",936,"K LEAGUE 1",4,25,"일","수원 FC","FC 서울","수원종합운동장","맑음",24.1,876
"04-25",937,"K LEAGUE 1",4,25,"일","성남 FC","수원 삼성","탄천종합운동장","맑음",24.1,1360
"04-25",938,"K LEAGUE 2",4,25,"일","충남 아산 FC","김천상무","이순신종합운동장","맑음",24.9,421
"04-25",939,"K LEAGUE 2",4,25,"일","서울 이랜드","FC 안양","잠실올림픽주경기장","맑음",24,607
"06-25",940,"K LEAGUE 1",6,25,"토","전북 현대","대구 FC","전주월드컵경기장","구름조금",32.2,5920
"06-25",941,"K LEAGUE 1",6,25,"토","수원 FC","수원 삼성","수원종합운동장","구름많음",31.7,6090
"06-25",942,"K LEAGUE 1",6,25,"토","FC 서울","인천 Utd","서울월드컵경기장","구름많음",30.5,10787
"06-25",943,"K LEAGUE 2",6,25,"토","충남 아산 FC","안산 그리너스","이순신종합운동장","구름조금",32.9,1732
"06-25",944,"K LEAGUE 2",6,25,"토","FC 안양","서울 이랜드","안양종합운동장","구름많음",31.7,1242
"07-25",945,"K LEAGUE 1",7,25,"일","강원 FC","제주 Utd","춘천송암스포츠타운","맑음",36.3,775
"07-25",946,"K LEAGUE 1",7,25,"일","울산 현대","수원 FC","울산문수축구경기장","구름많음",31.1,2373
"07-25",947,"K LEAGUE 1",7,25,"토","광주 FC","수원 삼성","광주축구전용구장","비",24.3,0
"07-25",948,"K LEAGUE 1",7,25,"토","상주 상무","울산 현대","상주시민운동장","비",24.6,0
"07-25",949,"K LEAGUE 1",7,25,"토","성남 FC","강원 FC","탄천종합운동장","흐림",29.4,0
"07-25",950,"K LEAGUE 2",7,25,"일","충남 아산 FC","경남 FC","이순신종합운동장","구름많음",33.4,277
"07-25",951,"K LEAGUE 2",7,25,"일","부천FC","전남 드래곤즈","부천종합운동장","구름조금",35.3,0
"07-25",952,"K LEAGUE 2",7,25,"토","부천FC","안산 그리너스","부천종합운동장","흐림",29.4,0
"07-25",953,"K LEAGUE 2",7,25,"토","FC 안양","수원 FC","안양종합운동장","흐림",29.4,0
"07-25",954,"K LEAGUE 2",7,25,"토","서울 이랜드","충남 아산 FC","잠실올림픽주경기장","흐림",29,0
"08-25",955,"K LEAGUE 1",8,25,"수","수원 삼성","수원 FC","수원월드컵경기장","비",25.8,0
"08-25",956,"K LEAGUE 1",8,25,"수","인천 Utd","대구 FC","인천축구전용경기장","비",26.8,0
"08-25",957,"K LEAGUE 1",8,25,"수","FC 서울","울산 현대","서울월드컵경기장","비",27.3,0
"08-25",958,"K LEAGUE 1",8,25,"수","전북 현대","포항 스틸러스","전주월드컵경기장","비",28.3,2108
"09-25",959,"K LEAGUE 1",9,25,"토","포항 스틸러스","제주 Utd","포항스틸야드","흐림",23,1636
"09-25",960,"K LEAGUE 1",9,25,"토","울산 현대","광주 FC","울산문수축구경기장","비",23.9,3622
"09-25",961,"K LEAGUE 1",9,25,"토","대구 FC","수원 FC","DGB대구은행파크","비",23.6,3104
"09-25",962,"K LEAGUE 1",9,25,"토","전북 현대","인천 Utd","전주월드컵경기장","구름많음",25.5,3454
"09-25",963,"K LEAGUE 2",9,25,"일","서울 이랜드","FC 안양","목동종합운동장 주경기장","구름많음",25.2,1492
"09-25",964,"K LEAGUE 2",9,25,"일","대전 하나 시티즌","경남 FC","대전월드컵경기장","흐림",24.8,3007
"09-25",965,"K LEAGUE 2",9,25,"토","부천FC","경남 FC","부천종합운동장","흐림",24.2,0
"09-25",966,"K LEAGUE 2",9,25,"토","안산 그리너스","FC 안양","안산와~스타디움","흐림",24.2,0
"10-25",967,"K LEAGUE 1",10,25,"일","울산 현대","전북 현대","울산문수축구경기장","맑음",20.6,6973
"10-25",968,"K LEAGUE 1",10,25,"일","광주 FC","상주 상무","광주축구전용구장","맑음",19.6,851
"10-25",969,"K LEAGUE 1",10,25,"일","대구 FC","포항 스틸러스","DGB대구은행파크","구름조금",20.8,3030
"10-25",970,"K LEAGUE 2",10,25,"일","안산 그리너스","서울 이랜드","안산와~스타디움","구름조금",18,422
"10-25",971,"K LEAGUE 2",10,25,"일","부천FC","경남 FC","부천종합운동장","구름조금",18,651
"11-25",972,"K LEAGUE 2",11,25,"수","경남 FC","대전 하나 시티즌","창원축구센터","맑음",14.5,0
"02-26",973,"K LEAGUE 1",2,26,"토","제주 Utd","강원 FC","제주월드컵경기장","맑음",16.2,1736
"02-26",974,"K LEAGUE 1",2,26,"토","성남 FC","울산 현대","탄천종합운동장","비",10,1633
"02-26",975,"K LEAGUE 1",2,26,"토","인천 Utd","FC 서울","인천축구전용경기장","비",7,4618
"02-26",976,"K LEAGUE 1",2,26,"토","수원 삼성","수원 FC","수원월드컵경기장","비",10,5626
"02-26",977,"K LEAGUE 2",2,26,"토","전남 드래곤즈","김포 FC","광양전용구장","구름조금",11,869
"02-26",978,"K LEAGUE 2",2,26,"토","부천FC","안산 그리너스","부천종합운동장","비",10,691
"03-26",979,"K LEAGUE 2",3,26,"토","전남 드래곤즈","안산 그리너스","광양전용구장","알수없음",NA,780
"03-26",980,"K LEAGUE 2",3,26,"토","광주 FC","충남 아산 FC","광주축구전용구장","알수없음",NA,416
"03-26",981,"K LEAGUE 2",3,26,"토","대전 하나 시티즌","경남 FC","대전월드컵경기장","알수없음",NA,1164
"05-26",982,"K LEAGUE 2",5,26,"화","부천FC","제주 Utd","부천종합운동장","비",23.6,0
"05-26",983,"K LEAGUE 2",5,26,"화","대전 하나 시티즌","안산 그리너스","대전월드컵경기장","흐림",24.9,0
"06-26",984,"K LEAGUE 1",6,26,"일","강원 FC","제주 Utd","강릉종합운동장","비",28.7,1454
"06-26",985,"K LEAGUE 1",6,26,"일","포항 스틸러스","김천상무","포항스틸야드","흐림",30.9,2966
"06-26",986,"K LEAGUE 1",6,26,"일","울산 현대","성남 FC","울산문수축구경기장","구름많음",29.6,5483
"06-26",987,"K LEAGUE 1",6,26,"토","성남 FC","강원 FC","탄천종합운동장","비",27.4,1301
"06-26",988,"K LEAGUE 1",6,26,"금","광주 FC","포항 스틸러스","광주축구전용구장","구름많음",28.8,0
"06-26",989,"K LEAGUE 2",6,26,"일","광주 FC","경남 FC","광주축구전용구장","구름많음",31.1,2089
"06-26",990,"K LEAGUE 2",6,26,"일","부산 아이파크","부천FC","부산아시아드주경기장","흐림",25.7,1113
"06-26",991,"K LEAGUE 2",6,26,"일","대전 하나 시티즌","김포 FC","대전월드컵경기장","비",31.1,1554
"06-26",992,"K LEAGUE 2",6,26,"토","경남 FC","대전 하나 시티즌","창원축구센터","비",27,919
"07-26",993,"K LEAGUE 1",7,26,"일","전북 현대","FC 서울","전주월드컵경기장","비",28.8,0
"07-26",994,"K LEAGUE 1",7,26,"일","대구 FC","부산 아이파크","DGB대구은행파크","흐림",30.2,0
"07-26",995,"K LEAGUE 1",7,26,"일","포항 스틸러스","인천 Utd","포항스틸야드","비",27.3,0
"07-26",996,"K LEAGUE 2",7,26,"화","경남 FC","안산 그리너스","창원축구센터","구름조금",32.6,597
"07-26",997,"K LEAGUE 2",7,26,"화","김포 FC","부천FC","김포솔터축구장","구름조금",33.8,1285
"07-26",998,"K LEAGUE 2",7,26,"일","대전 하나 시티즌","제주 Utd","대전월드컵경기장","비",27.4,0
"07-26",999,"K LEAGUE 2",7,26,"일","전남 드래곤즈","경남 FC","광양전용구장","구름많음",26.3,0
"08-26",1000,"K LEAGUE 2",8,26,"수","제주 Utd","부천FC","제주월드컵경기장","비",29.8,0
"09-26",1001,"K LEAGUE 1",9,26,"일","수원 삼성","FC 서울","수원월드컵경기장","구름많음",27.3,0
"09-26",1002,"K LEAGUE 1",9,26,"일","성남 FC","강원 FC","탄천종합운동장","구름많음",27.3,0
"09-26",1003,"K LEAGUE 1",9,26,"토","수원 삼성","FC 서울","수원월드컵경기장","구름조금",24.9,0
"09-26",1004,"K LEAGUE 2",9,26,"월","광주 FC","안산 그리너스","광주축구전용구장","흐림",23.5,1304
"09-26",1005,"K LEAGUE 2",9,26,"월","전남 드래곤즈","부산 아이파크","광양전용구장","흐림",22.6,736
"09-26",1006,"K LEAGUE 2",9,26,"일","충남 아산 FC","전남 드래곤즈","이순신종합운동장","흐림",25.9,352
"09-26",1007,"K LEAGUE 2",9,26,"일","김천상무","대전 하나 시티즌","김천종합운동장","흐림",24.9,369
"09-26",1008,"K LEAGUE 2",9,26,"토","FC 안양","부천FC","안양종합운동장","구름조금",24.9,0
"09-26",1009,"K LEAGUE 2",9,26,"토","수원 FC","서울 이랜드","수원종합운동장","구름조금",24.9,0
"02-27",1010,"K LEAGUE 1",2,27,"일","대구 FC","전북 현대","DGB대구은행파크","맑음",12.6,5526
"02-27",1011,"K LEAGUE 1",2,27,"일","김천상무","포항 스틸러스","김천종합운동장","맑음",14,2932
"02-27",1012,"K LEAGUE 1",2,27,"토","전북 현대","FC 서울","전주월드컵경기장","구름많음",15.3,6199
"02-27",1013,"K LEAGUE 1",2,27,"토","대구 FC","수원 FC","DGB대구은행파크","흐림",8.9,3025
"02-27",1014,"K LEAGUE 2",2,27,"일","경남 FC","부산 아이파크","밀양종합운동장","맑음",14,1062
"02-27",1015,"K LEAGUE 2",2,27,"일","광주 FC","대전 하나 시티즌","광주축구전용구장","맑음",12.4,696
"02-27",1016,"K LEAGUE 2",2,27,"일","FC 안양","충남 아산 FC","안양종합운동장","맑음",9.3,1138
"02-27",1017,"K LEAGUE 2",2,27,"토","경남 FC","FC 안양","창원축구센터","구름많음",11.6,1539
"02-27",1018,"K LEAGUE 2",2,27,"토","전남 드래곤즈","충남 아산 FC","광양전용구장","구름많음",12.8,906
"02-27",1019,"K LEAGUE 2",2,27,"토","안산 그리너스","김천상무","안산와~스타디움","구름조금",14.6,633
"03-27",1020,"K LEAGUE 1",3,27,"일","울산 현대","포항 스틸러스","울산문수축구경기장","알수없음",NA,6552
"03-27",1021,"K LEAGUE 2",3,27,"일","부산 아이파크","김포 FC","부산아시아드주경기장","알수없음",NA,1658
"03-27",1022,"K LEAGUE 2",3,27,"일","서울 이랜드","FC 안양","잠실올림픽주경기장","알수없음",NA,1044
"05-27",1023,"K LEAGUE 2",5,27,"수","서울 이랜드","FC 안양","잠실올림픽주경기장","맑음",23.9,0
"05-27",1024,"K LEAGUE 2",5,27,"수","수원 FC","경남 FC","수원종합운동장","구름조금",24.1,0
"05-27",1025,"K LEAGUE 2",5,27,"수","전남 드래곤즈","충남 아산 FC","광양전용구장","구름많음",22.5,0
"06-27",1026,"K LEAGUE 1",6,27,"토","부산 아이파크","성남 FC","부산구덕운동장","구름많음",27.9,0
"06-27",1027,"K LEAGUE 1",6,27,"토","대구 FC","강원 FC","DGB대구은행파크","구름많음",31.3,0
"06-27",1028,"K LEAGUE 1",6,27,"토","FC 서울","인천 Utd","서울월드컵경기장","구름많음",29.6,0
"06-27",1029,"K LEAGUE 2",6,27,"일","안산 그리너스","부천FC","안산와~스타디움","비",31.1,375
"06-27",1030,"K LEAGUE 2",6,27,"일","서울 이랜드","부산 아이파크","잠실올림픽주경기장","비",30.8,558
"06-27",1031,"K LEAGUE 2",6,27,"토","대전 하나 시티즌","FC 안양","대전월드컵경기장","구름많음",30.3,0
"06-27",1032,"K LEAGUE 2",6,27,"토","안산 그리너스","충남 아산 FC","안산와~스타디움","구름조금",29.3,0
"07-27",1033,"K LEAGUE 2",7,27,"수","부산 아이파크","광주 FC","부산아시아드주경기장","구름많음",30.5,1219
"08-27",1034,"K LEAGUE 1",8,27,"토","인천 Utd","FC 서울","인천축구전용경기장","구름조금",24.6,10139
"08-27",1035,"K LEAGUE 1",8,27,"토","제주 Utd","울산 현대","제주월드컵경기장","구름많음",30.4,5103
"08-27",1036,"K LEAGUE 1",8,27,"토","수원 삼성","강원 FC","수원월드컵경기장","비",25.6,6312
"08-27",1037,"K LEAGUE 2",8,27,"토","FC 안양","김포 FC","안양종합운동장","비",25.6,3027
"08-27",1038,"K LEAGUE 2",8,27,"토","대전 하나 시티즌","부천FC","대전월드컵경기장","구름조금",26.5,3351
"08-27",1039,"K LEAGUE 2",8,27,"토","광주 FC","부산 아이파크","광주축구전용구장","구름조금",26.8,1335
"09-27",1040,"K LEAGUE 1",9,27,"일","상주 상무","전북 현대","상주시민운동장","맑음",23.8,0
"09-27",1041,"K LEAGUE 1",9,27,"일","포항 스틸러스","광주 FC","포항스틸야드","맑음",23.8,0
"09-27",1042,"K LEAGUE 1",9,27,"일","대구 FC","울산 현대","DGB대구은행파크","구름조금",24.3,0
"09-27",1043,"K LEAGUE 1",9,27,"일","성남 FC","인천 Utd","탄천종합운동장","맑음",26,0
"09-27",1044,"K LEAGUE 1",9,27,"일","부산 아이파크","강원 FC","부산구덕운동장","구름조금",25.6,0
"09-27",1045,"K LEAGUE 2",9,27,"월","서울 이랜드","부산 아이파크","잠실올림픽주경기장","흐림",25,0
"09-27",1046,"K LEAGUE 2",9,27,"일","경남 FC","충남 아산 FC","창원축구센터","구름조금",24.8,0
"09-27",1047,"K LEAGUE 2",9,27,"일","안산 그리너스","대전 하나 시티즌","안산와~스타디움","맑음",26,0
"11-27",1048,"K LEAGUE 1",11,27,"토","성남 FC","광주 FC","탄천종합운동장","맑음",10,1525
"11-27",1049,"K LEAGUE 1",11,27,"토","제주 Utd","수원 FC","제주월드컵경기장","맑음",14.4,2506
"02-28",1050,"K LEAGUE 1",2,28,"일","포항 스틸러스","인천 Utd","포항스틸야드","구름많음",12,2899
"02-28",1051,"K LEAGUE 1",2,28,"일","수원 삼성","광주 FC","수원월드컵경기장","구름많음",10.7,3258
"02-28",1052,"K LEAGUE 2",2,28,"일","부산 아이파크","서울 이랜드","부산구덕운동장","흐림",15.6,1889
"02-28",1053,"K LEAGUE 2",2,28,"일","부천FC","대전 하나 시티즌","부천종합운동장","구름많음",10.7,1099
"05-28",1054,"K LEAGUE 1",5,28,"토","수원 FC","울산 현대","수원종합운동장","맑음",29,4485
"05-28",1055,"K LEAGUE 1",5,28,"토","전북 현대","제주 Utd","전주월드컵경기장","구름조금",29.6,7010
"05-28",1056,"K LEAGUE 1",5,28,"토","FC 서울","김천상무","서울월드컵경기장","맑음",29.3,8211
"05-28",1057,"K LEAGUE 2",5,28,"토","부산 아이파크","광주 FC","부산아시아드주경기장","구름조금",27,1904
"05-28",1058,"K LEAGUE 2",5,28,"토","FC 안양","경남 FC","안양종합운동장","맑음",29,1354
"05-28",1059,"K LEAGUE 2",5,28,"토","서울 이랜드","대전 하나 시티즌","목동종합운동장 주경기장","맑음",29.3,1713
"06-28",1060,"K LEAGUE 1",6,28,"일","울산 현대","전북 현대","울산문수축구경기장","구름조금",29.7,0
"06-28",1061,"K LEAGUE 1",6,28,"일","수원 삼성","상주 상무","수원월드컵경기장","구름조금",28.7,0
"06-28",1062,"K LEAGUE 2",6,28,"월","FC 안양","전남 드래곤즈","안양종합운동장","비",29.6,1029
"06-28",1063,"K LEAGUE 2",6,28,"월","김천상무","충남 아산 FC","김천종합운동장","구름많음",29.3,194
"06-28",1064,"K LEAGUE 2",6,28,"일","전남 드래곤즈","수원 FC","광양전용구장","구름많음",25.4,0
"06-28",1065,"K LEAGUE 2",6,28,"일","부천FC","서울 이랜드","부천종합운동장","구름조금",28.7,0
"06-28",1066,"K LEAGUE 2",6,28,"일","제주 Utd","경남 FC","제주월드컵경기장","흐림",28.7,0
"08-28",1067,"K LEAGUE 1",8,28,"일","성남 FC","수원 FC","탄천종합운동장","구름조금",28.8,2329
"08-28",1068,"K LEAGUE 1",8,28,"일","대구 FC","김천상무","DGB대구은행파크","구름조금",27.5,6303
"08-28",1069,"K LEAGUE 1",8,28,"토","대구 FC","성남 FC","DGB대구은행파크","구름조금",31.9,2988
"08-28",1070,"K LEAGUE 1",8,28,"토","전북 현대","수원 FC","전주월드컵경기장","비",29,0
"08-28",1071,"K LEAGUE 1",8,28,"토","포항 스틸러스","수원 삼성","포항스틸야드","구름많음",28.7,1894
"08-28",1072,"K LEAGUE 2",8,28,"일","전남 드래곤즈","충남 아산 FC","광양전용구장","구름많음",25.9,1234
"08-28",1073,"K LEAGUE 2",8,28,"일","경남 FC","안산 그리너스","창원축구센터","구름조금",27.2,925
"08-28",1074,"K LEAGUE 2",8,28,"토","부천FC","대전 하나 시티즌","부천종합운동장","흐림",27.4,0
"08-28",1075,"K LEAGUE 2",8,28,"토","충남 아산 FC","부산 아이파크","이순신종합운동장","흐림",26.3,409
"09-28",1076,"K LEAGUE 2",9,28,"월","전남 드래곤즈","제주 Utd","광양전용구장","맑음",24.4,0
"11-28",1077,"K LEAGUE 1",11,28,"일","수원 삼성","울산 현대","수원월드컵경기장","구름조금",12.1,5315
"11-28",1078,"K LEAGUE 1",11,28,"일","대구 FC","전북 현대","DGB대구은행파크","구름조금",13.1,6206
"11-28",1079,"K LEAGUE 1",11,28,"일","FC 서울","강원 FC","잠실올림픽주경기장","구름조금",12.4,6375
"11-28",1080,"K LEAGUE 1",11,28,"일","인천 Utd","포항 스틸러스","인천축구전용경기장","구름조금",11.1,4642
"05-29",1081,"K LEAGUE 1",5,29,"일","대구 FC","포항 스틸러스","DGB대구은행파크","구름조금",33,7040
"05-29",1082,"K LEAGUE 1",5,29,"일","강원 FC","수원 삼성","강릉종합운동장","맑음",28.9,2069
"05-29",1083,"K LEAGUE 1",5,29,"일","인천 Utd","성남 FC","인천축구전용경기장","구름많음",24.9,6119
"05-29",1084,"K LEAGUE 1",5,29,"토","성남 FC","수원 FC","탄천종합운동장","구름조금",20.9,1145
"05-29",1085,"K LEAGUE 1",5,29,"토","인천 Utd","전북 현대","인천축구전용경기장","구름조금",18.1,1930
"05-29",1086,"K LEAGUE 1",5,29,"토","제주 Utd","울산 현대","제주월드컵경기장","맑음",23.8,2135
"05-29",1087,"K LEAGUE 1",5,29,"토","FC 서울","수원 삼성","서울월드컵경기장","비",19.1,4976
"05-29",1088,"K LEAGUE 1",5,29,"금","대구 FC","상주 상무","DGB대구은행파크","구름조금",28.9,0
"05-29",1089,"K LEAGUE 2",5,29,"일","안산 그리너스","김포 FC","안산와~스타디움","구름많음",28.8,1344
"05-29",1090,"K LEAGUE 2",5,29,"일","충남 아산 FC","전남 드래곤즈","이순신종합운동장","구름조금",31.6,4594
"05-29",1091,"K LEAGUE 2",5,29,"토","서울 이랜드","대전 하나 시티즌","잠실올림픽주경기장","비",19.1,607
"05-29",1092,"K LEAGUE 2",5,29,"토","부산 아이파크","부천FC","부산구덕운동장","맑음",22.8,1059
"08-29",1093,"K LEAGUE 1",8,29,"월","전북 현대","포항 스틸러스","전주월드컵경기장","비",23.1,3333
"08-29",1094,"K LEAGUE 1",8,29,"일","울산 현대","인천 Utd","울산문수축구경기장","비",28.7,3049
"08-29",1095,"K LEAGUE 1",8,29,"일","제주 Utd","FC 서울","제주월드컵경기장","맑음",33.6,0
"08-29",1096,"K LEAGUE 1",8,29,"토","상주 상무","인천 Utd","상주시민운동장","비",32.5,0
"08-29",1097,"K LEAGUE 1",8,29,"토","수원 삼성","부산 아이파크","수원월드컵경기장","비",28.9,0
"08-29",1098,"K LEAGUE 2",8,29,"일","전남 드래곤즈","김천상무","광양전용구장","비",27.5,560
"08-29",1099,"K LEAGUE 2",8,29,"일","경남 FC","서울 이랜드","창원축구센터","비",26.1,0
"08-29",1100,"K LEAGUE 2",8,29,"토","제주 Utd","FC 안양","제주월드컵경기장","비",31.3,0
"08-29",1101,"K LEAGUE 2",8,29,"토","경남 FC","수원 FC","창원축구센터","비",31.2,0
"09-29",1102,"K LEAGUE 1",9,29,"수","강원 FC","포항 스틸러스","강릉종합운동장","비",20.9,517
"11-29",1103,"K LEAGUE 2",11,29,"일","수원 FC","경남 FC","수원종합운동장","구름조금",2.8,985
"04-30",1104,"K LEAGUE 1",4,30,"금","FC 서울","성남 FC","서울월드컵경기장","비",14.6,1972
"05-30",1105,"K LEAGUE 1",5,30,"일","포항 스틸러스","광주 FC","포항스틸야드","비",26.8,2663
"05-30",1106,"K LEAGUE 1",5,30,"일","대구 FC","강원 FC","DGB대구은행파크","구름조금",28.5,3096
"05-30",1107,"K LEAGUE 1",5,30,"토","강원 FC","전북 현대","강릉종합운동장","맑음",29.7,0
"05-30",1108,"K LEAGUE 1",5,30,"토","부산 아이파크","수원 삼성","부산구덕운동장","흐림",23.7,0
"05-30",1109,"K LEAGUE 1",5,30,"토","광주 FC","울산 현대","광주축구전용구장","흐림",26.5,0
"05-30",1110,"K LEAGUE 2",5,30,"일","김천상무","전남 드래곤즈","김천종합운동장","구름조금",27.4,0
"05-30",1111,"K LEAGUE 2",5,30,"일","충남 아산 FC","FC 안양","이순신종합운동장","비",28.8,306
"05-30",1112,"K LEAGUE 2",5,30,"일","경남 FC","안산 그리너스","창원축구센터","구름조금",27.4,898
"05-30",1113,"K LEAGUE 2",5,30,"토","경남 FC","대전 하나 시티즌","창원축구센터","흐림",26.4,0
"05-30",1114,"K LEAGUE 2",5,30,"토","전남 드래곤즈","FC 안양","광양전용구장","흐림",25.1,0
"07-30",1115,"K LEAGUE 1",7,30,"토","포항 스틸러스","FC 서울","포항스틸야드","구름많음",31.1,6355
"07-30",1116,"K LEAGUE 1",7,30,"토","전북 현대","제주 Utd","전주월드컵경기장","비",32.9,5138
"07-30",1117,"K LEAGUE 1",7,30,"토","울산 현대","강원 FC","울산문수축구경기장","구름많음",31,6952
"07-30",1118,"K LEAGUE 1",7,30,"토","성남 FC","인천 Utd","탄천종합운동장","구름조금",35.2,1861
"07-30",1119,"K LEAGUE 1",7,30,"토","수원 삼성","김천상무","수원월드컵경기장","구름조금",35.2,4072
"07-30",1120,"K LEAGUE 2",7,30,"토","광주 FC","대전 하나 시티즌","광주축구전용구장","구름많음",30.5,3326
"08-30",1121,"K LEAGUE 1",8,30,"일","전북 현대","강원 FC","전주월드컵경기장","구름많음",32.4,0
"08-30",1122,"K LEAGUE 1",8,30,"일","대구 FC","광주 FC","DGB대구은행파크","비",34.9,0
"08-30",1123,"K LEAGUE 1",8,30,"일","울산 현대","FC 서울","울산문수축구경기장","구름많음",33,0
"08-30",1124,"K LEAGUE 1",8,30,"일","포항 스틸러스","성남 FC","포항스틸야드","비",32,0
"08-30",1125,"K LEAGUE 2",8,30,"화","부산 아이파크","FC 안양","부산아시아드주경기장","비",27.2,1029
"08-30",1126,"K LEAGUE 2",8,30,"화","부천FC","광주 FC","부천종합운동장","비",20.6,555
"08-30",1127,"K LEAGUE 2",8,30,"월","FC 안양","안산 그리너스","안양종합운동장","흐림",27.6,0
"08-30",1128,"K LEAGUE 2",8,30,"일","전남 드래곤즈","대전 하나 시티즌","광양전용구장","구름많음",31.5,0
"08-30",1129,"K LEAGUE 2",8,30,"일","부천FC","충남 아산 FC","부천종합운동장","비",30.9,0
"08-30",1130,"K LEAGUE 2",8,30,"일","안산 그리너스","서울 이랜드","안산와~스타디움","비",30.9,0
"10-30",1131,"K LEAGUE 1",10,30,"토","인천 Utd","FC 서울","인천축구전용경기장","구름조금",18.9,1815
"10-30",1132,"K LEAGUE 1",10,30,"토","수원 삼성","전북 현대","수원월드컵경기장","구름조금",19.2,2208
"10-30",1133,"K LEAGUE 1",10,30,"토","성남 FC","포항 스틸러스","탄천종합운동장","구름조금",19.2,587
"05-31",1134,"K LEAGUE 1",5,31,"일","인천 Utd","포항 스틸러스","인천축구전용경기장","비",23.8,0
"05-31",1135,"K LEAGUE 1",5,31,"일","FC 서울","성남 FC","서울월드컵경기장","비",28,0
"05-31",1136,"K LEAGUE 2",5,31,"일","수원 FC","부천FC","수원종합운동장","비",27.6,0
"05-31",1137,"K LEAGUE 2",5,31,"일","안산 그리너스","제주 Utd","안산와~스타디움","비",27.6,0
"05-31",1138,"K LEAGUE 2",5,31,"일","충남 아산 FC","서울 이랜드","이순신종합운동장","흐림",27.3,0
"07-31",1139,"K LEAGUE 1",7,31,"일","수원 FC","대구 FC","수원종합운동장","비",29.7,2201
"07-31",1140,"K LEAGUE 1",7,31,"토","제주 Utd","인천 Utd","제주월드컵경기장","비",31.1,761
"07-31",1141,"K LEAGUE 1",7,31,"토","FC 서울","울산 현대","서울월드컵경기장","비",34.3,0
"07-31",1142,"K LEAGUE 2",7,31,"일","안산 그리너스","전남 드래곤즈","안산와~스타디움","비",29.7,968
"07-31",1143,"K LEAGUE 2",7,31,"일","FC 안양","부산 아이파크","안양종합운동장","비",29.7,1161
"07-31",1144,"K LEAGUE 2",7,31,"토","김천상무","부천FC","김천종합운동장","구름많음",35.7,224
"07-31",1145,"K LEAGUE 2",7,31,"토","경남 FC","FC 안양","창원축구센터","구름많음",35.7,634
"08-31",1146,"K LEAGUE 2",8,31,"수","충남 아산 FC","경남 FC","이순신종합운동장","비",23.3,433
"08-31",1147,"K LEAGUE 2",8,31,"수","서울 이랜드","대전 하나 시티즌","목동종합운동장 주경기장","구름많음",24.9,1210
"08-31",1148,"K LEAGUE 2",8,31,"수","김포 FC","안산 그리너스","김포솔터축구장","흐림",24,768
"10-31",1149,"K LEAGUE 1",10,31,"일","광주 FC","강원 FC","광주축구전용구장","맑음",22.1,924
"10-31",1150,"K LEAGUE 1",10,31,"일","울산 현대","수원 FC","울산문수축구경기장","맑음",21.5,3193
"10-31",1151,"K LEAGUE 1",10,31,"일","대구 FC","제주 Utd","DGB대구은행파크","맑음",21.6,2775
"10-31",1152,"K LEAGUE 1",10,31,"토","FC 서울","인천 Utd","서울월드컵경기장","구름많음",18.2,5485
"10-31",1153,"K LEAGUE 1",10,31,"토","강원 FC","수원 삼성","춘천송암스포츠타운","구름많음",16.5,1967
"10-31",1154,"K LEAGUE 1",10,31,"토","성남 FC","부산 아이파크","탄천종합운동장","구름조금",18.6,1655
"10-31",1155,"K LEAGUE 2",10,31,"일","김천상무","부산 아이파크","김천종합운동장","구름조금",20.7,514
"10-31",1156,"K LEAGUE 2",10,31,"일","경남 FC","대전 하나 시티즌","창원축구센터","구름조금",20.7,1449
"10-31",1157,"K LEAGUE 2",10,31,"일","전남 드래곤즈","안산 그리너스","광양전용구장","맑음",20.3,1221
"10-31",1158,"K LEAGUE 2",10,31,"일","FC 안양","부천FC","안양종합운동장","맑음",19.7,730
"10-31",1159,"K LEAGUE 2",10,31,"일","충남 아산 FC","서울 이랜드","이순신종합운동장","맑음",21.2,1007
"10-31",1160,"K LEAGUE 2",10,31,"토","수원 FC","경남 FC","수원종합운동장","구름조금",18.6,261
"10-31",1161,"K LEAGUE 2",10,31,"토","부천FC","충남 아산 FC","부천종합운동장","구름조금",18.6,616
