"last","area","total"
"계","전국",49705663
NA,"서울특별시",9567196
NA,"부산광역시",3404667
NA,"대구광역시",2436770
NA,"인천광역시",2822601
NA,"광주광역시",1481289
NA,"대전광역시",1519314
NA,"울산광역시",1136755
NA,"세종특별자치시",199617
NA,"경기도",12026429
NA,"강원도",1499734
NA,"충청북도",1548589
NA,"충청남도",2036720
NA,"전라북도",1804184
NA,"전라남도",1764433
NA,"경상북도",2622729
NA,"경상남도",3244163
NA,"제주특별자치도",590473
"가(賈)","전국",9936
NA,"서울특별시",1606
NA,"부산광역시",118
NA,"대구광역시",46
NA,"인천광역시",1349
NA,"광주광역시",21
NA,"대전광역시",463
NA,"울산광역시",50
NA,"세종특별자치시",26
NA,"경기도",2649
NA,"강원도",136
NA,"충청북도",164
NA,"충청남도",2951
NA,"전라북도",88
NA,"전라남도",48
NA,"경상북도",85
NA,"경상남도",108
NA,"제주특별자치도",28
"간(簡)","전국",2520
NA,"서울특별시",569
NA,"부산광역시",50
NA,"대구광역시",23
NA,"인천광역시",301
NA,"광주광역시",6
NA,"대전광역시",49
NA,"울산광역시",50
NA,"세종특별자치시",10
NA,"경기도",1041
NA,"강원도",152
NA,"충청북도",82
NA,"충청남도",75
NA,"전라북도",28
NA,"전라남도",11
NA,"경상북도",42
NA,"경상남도",28
"갈(葛)","전국",2086
NA,"서울특별시",373
NA,"부산광역시",192
NA,"대구광역시",114
NA,"인천광역시",133
NA,"광주광역시",17
NA,"대전광역시",75
NA,"울산광역시",67
NA,"경기도",512
NA,"강원도",62
NA,"충청북도",60
NA,"충청남도",87
NA,"전라북도",54
NA,"전라남도",19
NA,"경상북도",79
NA,"경상남도",234
NA,"제주특별자치도",5
"감(甘)","전국",6024
NA,"서울특별시",754
NA,"부산광역시",1180
NA,"대구광역시",280
NA,"인천광역시",144
NA,"광주광역시",66
NA,"대전광역시",97
NA,"울산광역시",223
NA,"세종특별자치시",8
NA,"경기도",816
NA,"강원도",40
NA,"충청북도",72
NA,"충청남도",56
NA,"전라북도",38
NA,"전라남도",71
NA,"경상북도",208
NA,"경상남도",1951
NA,"제주특별자치도",20
"강(姜)","전국",1176847
NA,"서울특별시",212753
NA,"부산광역시",99023
NA,"대구광역시",44596
NA,"인천광역시",61013
NA,"광주광역시",36004
NA,"대전광역시",35918
NA,"울산광역시",25353
NA,"세종특별자치시",4485
NA,"경기도",259564
NA,"강원도",24621
NA,"충청북도",29124
NA,"충청남도",46076
NA,"전라북도",47989
NA,"전라남도",48718
NA,"경상북도",53289
NA,"경상남도",116643
NA,"제주특별자치도",31678
"강(康)","전국",91625
NA,"서울특별시",17666
NA,"부산광역시",4233
NA,"대구광역시",2647
NA,"인천광역시",4781
NA,"광주광역시",738
NA,"대전광역시",3316
NA,"울산광역시",1303
NA,"세종특별자치시",934
NA,"경기도",20267
NA,"강원도",2251
NA,"충청북도",1998
NA,"충청남도",3625
NA,"전라북도",3545
NA,"전라남도",766
NA,"경상북도",3151
NA,"경상남도",2057
NA,"제주특별자치도",18347
"견(甄)","전국",1251
NA,"서울특별시",218
NA,"부산광역시",32
NA,"대구광역시",32
NA,"인천광역시",122
NA,"대전광역시",13
NA,"울산광역시",8
NA,"경기도",592
NA,"강원도",24
NA,"충청북도",93
NA,"충청남도",33
NA,"전라남도",16
NA,"경상북도",37
NA,"경상남도",20
NA,"제주특별자치도",8
"경(慶)","전국",13012
NA,"서울특별시",3070
NA,"부산광역시",468
NA,"대구광역시",270
NA,"인천광역시",828
NA,"광주광역시",27
NA,"대전광역시",376
NA,"울산광역시",113
NA,"세종특별자치시",40
NA,"경기도",4342
NA,"강원도",729
NA,"충청북도",1336
NA,"충청남도",448
NA,"전라북도",103
NA,"전라남도",52
NA,"경상북도",215
NA,"경상남도",566
NA,"제주특별자치도",29
"경(景)","전국",3923
NA,"서울특별시",1057
NA,"부산광역시",110
NA,"대구광역시",102
NA,"인천광역시",312
NA,"광주광역시",58
NA,"대전광역시",84
NA,"울산광역시",41
NA,"세종특별자치시",18
NA,"경기도",1135
NA,"강원도",53
NA,"충청북도",63
NA,"충청남도",87
NA,"전라북도",570
NA,"전라남도",84
NA,"경상북도",103
NA,"경상남도",41
NA,"제주특별자치도",5
"계(桂)","전국",6636
NA,"서울특별시",1820
NA,"부산광역시",352
NA,"대구광역시",145
NA,"인천광역시",1085
NA,"광주광역시",35
NA,"대전광역시",133
NA,"울산광역시",50
NA,"세종특별자치시",18
NA,"경기도",1977
NA,"강원도",241
NA,"충청북도",144
NA,"충청남도",143
NA,"전라북도",65
NA,"전라남도",36
NA,"경상북도",216
NA,"경상남도",135
NA,"제주특별자치도",41
"고(高)","전국",471396
NA,"서울특별시",91060
NA,"부산광역시",23273
NA,"대구광역시",10564
NA,"인천광역시",30791
NA,"광주광역시",18177
NA,"대전광역시",13098
NA,"울산광역시",8425
NA,"세종특별자치시",1736
NA,"경기도",111403
NA,"강원도",14959
NA,"충청북도",12430
NA,"충청남도",16943
NA,"전라북도",24171
NA,"전라남도",19125
NA,"경상북도",13941
NA,"경상남도",19365
NA,"제주특별자치도",41935
"공(孔)","전국",91869
NA,"서울특별시",16205
NA,"부산광역시",9453
NA,"대구광역시",3876
NA,"인천광역시",5563
NA,"광주광역시",2953
NA,"대전광역시",2128
NA,"울산광역시",2115
NA,"세종특별자치시",278
NA,"경기도",21704
NA,"강원도",1567
NA,"충청북도",1778
NA,"충청남도",3112
NA,"전라북도",2776
NA,"전라남도",3621
NA,"경상북도",3770
NA,"경상남도",10341
NA,"제주특별자치도",629
"곽(郭)","전국",203188
NA,"서울특별시",37861
NA,"부산광역시",15088
NA,"대구광역시",16016
NA,"인천광역시",10280
NA,"광주광역시",5835
NA,"대전광역시",6981
NA,"울산광역시",4284
NA,"세종특별자치시",962
NA,"경기도",45476
NA,"강원도",5034
NA,"충청북도",8025
NA,"충청남도",8232
NA,"전라북도",6284
NA,"전라남도",8590
NA,"경상북도",8732
NA,"경상남도",14338
NA,"제주특별자치도",1170
"구(丘)","전국",15382
NA,"서울특별시",3855
NA,"부산광역시",162
NA,"대구광역시",126
NA,"인천광역시",974
NA,"광주광역시",60
NA,"대전광역시",1175
NA,"울산광역시",110
NA,"세종특별자치시",106
NA,"경기도",4781
NA,"강원도",217
NA,"충청북도",348
NA,"충청남도",2432
NA,"전라북도",539
NA,"전라남도",93
NA,"경상북도",224
NA,"경상남도",130
NA,"제주특별자치도",50
"구(具)","전국",193080
NA,"서울특별시",35002
NA,"부산광역시",17709
NA,"대구광역시",15187
NA,"인천광역시",11054
NA,"광주광역시",5072
NA,"대전광역시",5120
NA,"울산광역시",4245
NA,"세종특별자치시",626
NA,"경기도",42791
NA,"강원도",3115
NA,"충청북도",5101
NA,"충청남도",7629
NA,"전라북도",5101
NA,"전라남도",4535
NA,"경상북도",9776
NA,"경상남도",20237
NA,"제주특별자치도",780
"국(鞠)","전국",20547
NA,"서울특별시",4479
NA,"부산광역시",562
NA,"대구광역시",227
NA,"인천광역시",1071
NA,"광주광역시",1818
NA,"대전광역시",653
NA,"울산광역시",191
NA,"세종특별자치시",61
NA,"경기도",5014
NA,"강원도",203
NA,"충청북도",215
NA,"충청남도",1036
NA,"전라북도",3262
NA,"전라남도",1000
NA,"경상북도",290
NA,"경상남도",384
NA,"제주특별자치도",81
"권(權)","전국",705941
NA,"서울특별시",128754
NA,"부산광역시",46491
NA,"대구광역시",59078
NA,"인천광역시",36297
NA,"광주광역시",7051
NA,"대전광역시",18972
NA,"울산광역시",21683
NA,"세종특별자치시",2594
NA,"경기도",163222
NA,"강원도",25715
NA,"충청북도",24746
NA,"충청남도",21916
NA,"전라북도",17065
NA,"전라남도",9276
NA,"경상북도",80640
NA,"경상남도",39593
NA,"제주특별자치도",2848
"금(琴)","전국",25432
NA,"서울특별시",4393
NA,"부산광역시",1356
NA,"대구광역시",2783
NA,"인천광역시",1160
NA,"광주광역시",102
NA,"대전광역시",1187
NA,"울산광역시",841
NA,"세종특별자치시",130
NA,"경기도",5521
NA,"강원도",703
NA,"충청북도",1033
NA,"충청남도",626
NA,"전라북도",219
NA,"전라남도",123
NA,"경상북도",4220
NA,"경상남도",933
NA,"제주특별자치도",102
"기(奇)","전국",28829
NA,"서울특별시",6233
NA,"부산광역시",966
NA,"대구광역시",1346
NA,"인천광역시",1772
NA,"광주광역시",3779
NA,"대전광역시",492
NA,"울산광역시",346
NA,"세종특별자치시",73
NA,"경기도",7567
NA,"강원도",425
NA,"충청북도",396
NA,"충청남도",745
NA,"전라북도",1200
NA,"전라남도",1645
NA,"경상북도",945
NA,"경상남도",782
NA,"제주특별자치도",117
"길(吉)","전국",38173
NA,"서울특별시",7600
NA,"부산광역시",1529
NA,"대구광역시",965
NA,"인천광역시",2059
NA,"광주광역시",436
NA,"대전광역시",4309
NA,"울산광역시",502
NA,"세종특별자치시",233
NA,"경기도",9977
NA,"강원도",2566
NA,"충청북도",1197
NA,"충청남도",2881
NA,"전라북도",1033
NA,"전라남도",502
NA,"경상북도",1129
NA,"경상남도",1122
NA,"제주특별자치도",133
"김(金)","전국",10689959
NA,"서울특별시",2025779
NA,"부산광역시",757159
NA,"대구광역시",521160
NA,"인천광역시",598187
NA,"광주광역시",338304
NA,"대전광역시",309274
NA,"울산광역시",262050
NA,"세종특별자치시",39432
NA,"경기도",2523923
NA,"강원도",338077
NA,"충청북도",315919
NA,"충청남도",423510
NA,"전라북도",382281
NA,"전라남도",413805
NA,"경상북도",603188
NA,"경상남도",697357
NA,"제주특별자치도",140554
"나(羅)","전국",160946
NA,"서울특별시",35755
NA,"부산광역시",5696
NA,"대구광역시",5855
NA,"인천광역시",10505
NA,"광주광역시",14086
NA,"대전광역시",4756
NA,"울산광역시",1647
NA,"세종특별자치시",578
NA,"경기도",39901
NA,"강원도",2940
NA,"충청북도",4015
NA,"충청남도",6486
NA,"전라북도",7348
NA,"전라남도",10604
NA,"경상북도",4745
NA,"경상남도",4982
NA,"제주특별자치도",1047
"남(南)","전국",275648
NA,"서울특별시",51352
NA,"부산광역시",19414
NA,"대구광역시",17146
NA,"인천광역시",14515
NA,"광주광역시",5271
NA,"대전광역시",9525
NA,"울산광역시",6385
NA,"세종특별자치시",1075
NA,"경기도",65852
NA,"강원도",9569
NA,"충청북도",11785
NA,"충청남도",10499
NA,"전라북도",5504
NA,"전라남도",7449
NA,"경상북도",21434
NA,"경상남도",17824
NA,"제주특별자치도",1049
"남궁(南宮)","전국",21308
NA,"서울특별시",5026
NA,"부산광역시",239
NA,"대구광역시",160
NA,"인천광역시",2032
NA,"광주광역시",214
NA,"대전광역시",815
NA,"울산광역시",160
NA,"세종특별자치시",141
NA,"경기도",7078
NA,"강원도",1574
NA,"충청북도",571
NA,"충청남도",1221
NA,"전라북도",1463
NA,"전라남도",208
NA,"경상북도",159
NA,"경상남도",210
NA,"제주특별자치도",37
"노(盧)","전국",256229
NA,"서울특별시",50886
NA,"부산광역시",18773
NA,"대구광역시",10997
NA,"인천광역시",14989
NA,"광주광역시",8392
NA,"대전광역시",9064
NA,"울산광역시",5907
NA,"세종특별자치시",1248
NA,"경기도",62512
NA,"강원도",5501
NA,"충청북도",9833
NA,"충청남도",11414
NA,"전라북도",9785
NA,"전라남도",6928
NA,"경상북도",10162
NA,"경상남도",18784
NA,"제주특별자치도",1054
"노(魯)","전국",58698
NA,"서울특별시",12498
NA,"부산광역시",2925
NA,"대구광역시",3874
NA,"인천광역시",3891
NA,"광주광역시",4738
NA,"대전광역시",977
NA,"울산광역시",833
NA,"세종특별자치시",128
NA,"경기도",13522
NA,"강원도",787
NA,"충청북도",743
NA,"충청남도",1320
NA,"전라북도",3840
NA,"전라남도",3975
NA,"경상북도",2171
NA,"경상남도",2233
NA,"제주특별자치도",243
"단(段)","전국",1612
NA,"서울특별시",488
NA,"부산광역시",67
NA,"대구광역시",47
NA,"인천광역시",131
NA,"광주광역시",5
NA,"대전광역시",30
NA,"울산광역시",19
NA,"경기도",558
NA,"강원도",29
NA,"충청북도",18
NA,"충청남도",74
NA,"전라북도",13
NA,"전라남도",6
NA,"경상북도",99
NA,"경상남도",18
NA,"제주특별자치도",9
"당(唐)","전국",1146
NA,"서울특별시",199
NA,"부산광역시",16
NA,"대구광역시",13
NA,"인천광역시",266
NA,"광주광역시",5
NA,"대전광역시",19
NA,"울산광역시",11
NA,"경기도",443
NA,"강원도",33
NA,"충청북도",26
NA,"충청남도",35
NA,"전라북도",36
NA,"경상북도",14
NA,"경상남도",8
NA,"제주특별자치도",17
"도(都)","전국",56850
NA,"서울특별시",8834
NA,"부산광역시",4744
NA,"대구광역시",9607
NA,"인천광역시",1949
NA,"광주광역시",313
NA,"대전광역시",1843
NA,"울산광역시",1722
NA,"세종특별자치시",199
NA,"경기도",10467
NA,"강원도",1174
NA,"충청북도",1278
NA,"충청남도",2134
NA,"전라북도",1140
NA,"전라남도",787
NA,"경상북도",6457
NA,"경상남도",4050
NA,"제주특별자치도",152
"도(陶)","전국",1037
NA,"서울특별시",277
NA,"인천광역시",105
NA,"광주광역시",13
NA,"대전광역시",25
NA,"울산광역시",23
NA,"경기도",453
NA,"강원도",17
NA,"충청북도",14
NA,"충청남도",43
NA,"전라북도",23
NA,"전라남도",8
NA,"경상북도",9
NA,"경상남도",14
"동(董)","전국",5462
NA,"서울특별시",1234
NA,"부산광역시",609
NA,"대구광역시",81
NA,"인천광역시",276
NA,"광주광역시",69
NA,"대전광역시",138
NA,"울산광역시",103
NA,"세종특별자치시",22
NA,"경기도",1499
NA,"강원도",215
NA,"충청북도",137
NA,"충청남도",108
NA,"전라북도",288
NA,"전라남도",48
NA,"경상북도",100
NA,"경상남도",515
NA,"제주특별자치도",20
"두(杜)","전국",6428
NA,"서울특별시",1337
NA,"부산광역시",143
NA,"대구광역시",106
NA,"인천광역시",425
NA,"광주광역시",73
NA,"대전광역시",179
NA,"울산광역시",41
NA,"세종특별자치시",12
NA,"경기도",1694
NA,"강원도",76
NA,"충청북도",82
NA,"충청남도",176
NA,"전라북도",1731
NA,"전라남도",68
NA,"경상북도",109
NA,"경상남도",163
NA,"제주특별자치도",13
"라(羅)","전국",25960
NA,"서울특별시",5111
NA,"부산광역시",994
NA,"대구광역시",1269
NA,"인천광역시",1566
NA,"광주광역시",419
NA,"대전광역시",1137
NA,"울산광역시",462
NA,"세종특별자치시",114
NA,"경기도",7153
NA,"강원도",868
NA,"충청북도",891
NA,"충청남도",1036
NA,"전라북도",2386
NA,"전라남도",812
NA,"경상북도",851
NA,"경상남도",673
NA,"제주특별자치도",218
"류(柳)","전국",163703
NA,"서울특별시",27255
NA,"부산광역시",12933
NA,"대구광역시",16908
NA,"인천광역시",6974
NA,"광주광역시",6471
NA,"대전광역시",5995
NA,"울산광역시",6505
NA,"세종특별자치시",663
NA,"경기도",31227
NA,"강원도",2478
NA,"충청북도",4807
NA,"충청남도",5384
NA,"전라북도",3920
NA,"전라남도",6552
NA,"경상북도",11800
NA,"경상남도",13190
NA,"제주특별자치도",641
"마(馬)","전국",38949
NA,"서울특별시",8118
NA,"부산광역시",2370
NA,"대구광역시",1999
NA,"인천광역시",2178
NA,"광주광역시",2108
NA,"대전광역시",655
NA,"울산광역시",717
NA,"세종특별자치시",106
NA,"경기도",9517
NA,"강원도",1295
NA,"충청북도",952
NA,"충청남도",977
NA,"전라북도",1118
NA,"전라남도",2779
NA,"경상북도",1998
NA,"경상남도",1725
NA,"제주특별자치도",337
"맹(孟)","전국",22028
NA,"서울특별시",4912
NA,"부산광역시",605
NA,"대구광역시",278
NA,"인천광역시",1624
NA,"광주광역시",390
NA,"대전광역시",710
NA,"울산광역시",207
NA,"세종특별자치시",106
NA,"경기도",6777
NA,"강원도",599
NA,"충청북도",772
NA,"충청남도",3108
NA,"전라북도",295
NA,"전라남도",631
NA,"경상북도",442
NA,"경상남도",503
NA,"제주특별자치도",69
"명(明)","전국",29110
NA,"서울특별시",6242
NA,"부산광역시",1497
NA,"대구광역시",312
NA,"인천광역시",2090
NA,"광주광역시",1063
NA,"대전광역시",1267
NA,"울산광역시",312
NA,"세종특별자치시",120
NA,"경기도",7480
NA,"강원도",405
NA,"충청북도",414
NA,"충청남도",3027
NA,"전라북도",401
NA,"전라남도",2446
NA,"경상북도",477
NA,"경상남도",1372
NA,"제주특별자치도",185
"모(牟)","전국",21534
NA,"서울특별시",4393
NA,"부산광역시",890
NA,"대구광역시",467
NA,"인천광역시",1425
NA,"광주광역시",1397
NA,"대전광역시",425
NA,"울산광역시",247
NA,"세종특별자치시",70
NA,"경기도",5671
NA,"강원도",262
NA,"충청북도",590
NA,"충청남도",964
NA,"전라북도",1376
NA,"전라남도",1452
NA,"경상북도",798
NA,"경상남도",961
NA,"제주특별자치도",146
"목(睦)","전국",8848
NA,"서울특별시",1802
NA,"부산광역시",346
NA,"대구광역시",97
NA,"인천광역시",557
NA,"광주광역시",60
NA,"대전광역시",387
NA,"울산광역시",92
NA,"세종특별자치시",32
NA,"경기도",3421
NA,"강원도",375
NA,"충청북도",308
NA,"충청남도",343
NA,"전라북도",86
NA,"전라남도",87
NA,"경상북도",133
NA,"경상남도",688
NA,"제주특별자치도",34
"문(文)","전국",464040
NA,"서울특별시",87798
NA,"부산광역시",37741
NA,"대구광역시",17480
NA,"인천광역시",26819
NA,"광주광역시",23544
NA,"대전광역시",11317
NA,"울산광역시",8368
NA,"세종특별자치시",1328
NA,"경기도",104159
NA,"강원도",8856
NA,"충청북도",7778
NA,"충청남도",16972
NA,"전라북도",21231
NA,"전라남도",25580
NA,"경상북도",16865
NA,"경상남도",34124
NA,"제주특별자치도",14080
"민(閔)","전국",171740
NA,"서울특별시",38041
NA,"부산광역시",8631
NA,"대구광역시",4967
NA,"인천광역시",11354
NA,"광주광역시",4798
NA,"대전광역시",8283
NA,"울산광역시",2493
NA,"세종특별자치시",955
NA,"경기도",48402
NA,"강원도",5837
NA,"충청북도",9444
NA,"충청남도",6581
NA,"전라북도",2773
NA,"전라남도",4186
NA,"경상북도",5779
NA,"경상남도",8514
NA,"제주특별자치도",702
"박(朴)","전국",4192074
NA,"서울특별시",783548
NA,"부산광역시",314118
NA,"대구광역시",216436
NA,"인천광역시",226438
NA,"광주광역시",139253
NA,"대전광역시",127032
NA,"울산광역시",106167
NA,"세종특별자치시",16050
NA,"경기도",979100
NA,"강원도",119678
NA,"충청북도",125342
NA,"충청남도",160932
NA,"전라북도",146891
NA,"전라남도",178935
NA,"경상북도",226129
NA,"경상남도",295499
NA,"제주특별자치도",30526
"반(潘)","전국",28062
NA,"서울특별시",5252
NA,"부산광역시",2208
NA,"대구광역시",1110
NA,"인천광역시",1465
NA,"광주광역시",933
NA,"대전광역시",601
NA,"울산광역시",497
NA,"세종특별자치시",98
NA,"경기도",5831
NA,"강원도",929
NA,"충청북도",2754
NA,"충청남도",598
NA,"전라북도",885
NA,"전라남도",763
NA,"경상북도",1418
NA,"경상남도",2627
NA,"제주특별자치도",93
"방(房)","전국",33520
NA,"서울특별시",6605
NA,"부산광역시",2253
NA,"대구광역시",654
NA,"인천광역시",1673
NA,"광주광역시",1999
NA,"대전광역시",900
NA,"울산광역시",638
NA,"세종특별자치시",91
NA,"경기도",8068
NA,"강원도",975
NA,"충청북도",589
NA,"충청남도",807
NA,"전라북도",2815
NA,"전라남도",2232
NA,"경상북도",1356
NA,"경상남도",1645
NA,"제주특별자치도",220
"방(方)","전국",94831
NA,"서울특별시",18702
NA,"부산광역시",4916
NA,"대구광역시",4786
NA,"인천광역시",8191
NA,"광주광역시",941
NA,"대전광역시",2477
NA,"울산광역시",1814
NA,"세종특별자치시",417
NA,"경기도",27403
NA,"강원도",3674
NA,"충청북도",3005
NA,"충청남도",6402
NA,"전라북도",1158
NA,"전라남도",1463
NA,"경상북도",4641
NA,"경상남도",4300
NA,"제주특별자치도",541
"배(裵)","전국",400641
NA,"서울특별시",66743
NA,"부산광역시",37197
NA,"대구광역시",40258
NA,"인천광역시",19044
NA,"광주광역시",10353
NA,"대전광역시",11310
NA,"울산광역시",10206
NA,"세종특별자치시",1451
NA,"경기도",77899
NA,"강원도",7553
NA,"충청북도",10138
NA,"충청남도",11525
NA,"전라북도",11974
NA,"전라남도",15446
NA,"경상북도",29980
NA,"경상남도",37735
NA,"제주특별자치도",1829
"백(白)","전국",381986
NA,"서울특별시",73337
NA,"부산광역시",26982
NA,"대구광역시",22265
NA,"인천광역시",20925
NA,"광주광역시",11421
NA,"대전광역시",11880
NA,"울산광역시",7626
NA,"세종특별자치시",1476
NA,"경기도",91778
NA,"강원도",8831
NA,"충청북도",8383
NA,"충청남도",16648
NA,"전라북도",16124
NA,"전라남도",13124
NA,"경상북도",19922
NA,"경상남도",27710
NA,"제주특별자치도",3554
"범(范)","전국",3826
NA,"서울특별시",831
NA,"부산광역시",58
NA,"대구광역시",35
NA,"인천광역시",122
NA,"광주광역시",1229
NA,"대전광역시",46
NA,"울산광역시",39
NA,"세종특별자치시",23
NA,"경기도",757
NA,"강원도",36
NA,"충청북도",42
NA,"충청남도",51
NA,"전라북도",171
NA,"전라남도",275
NA,"경상북도",37
NA,"경상남도",52
NA,"제주특별자치도",22
"변(卞)","전국",78156
NA,"서울특별시",12518
NA,"부산광역시",9015
NA,"대구광역시",6158
NA,"인천광역시",3118
NA,"광주광역시",1140
NA,"대전광역시",1874
NA,"울산광역시",2730
NA,"세종특별자치시",333
NA,"경기도",15237
NA,"강원도",1595
NA,"충청북도",4378
NA,"충청남도",2733
NA,"전라북도",1440
NA,"전라남도",1656
NA,"경상북도",4607
NA,"경상남도",9370
NA,"제주특별자치도",254
"변(邊)","전국",60633
NA,"서울특별시",13591
NA,"부산광역시",2072
NA,"대구광역시",1447
NA,"인천광역시",4484
NA,"광주광역시",1546
NA,"대전광역시",1934
NA,"울산광역시",823
NA,"세종특별자치시",238
NA,"경기도",17444
NA,"강원도",4796
NA,"충청북도",1813
NA,"충청남도",1949
NA,"전라북도",1736
NA,"전라남도",1046
NA,"경상북도",2138
NA,"경상남도",1266
NA,"제주특별자치도",2310
"복(卜)","전국",9538
NA,"서울특별시",1973
NA,"부산광역시",228
NA,"대구광역시",417
NA,"인천광역시",616
NA,"광주광역시",71
NA,"대전광역시",558
NA,"울산광역시",296
NA,"세종특별자치시",59
NA,"경기도",2433
NA,"강원도",82
NA,"충청북도",147
NA,"충청남도",1790
NA,"전라북도",296
NA,"전라남도",69
NA,"경상북도",315
NA,"경상남도",158
NA,"제주특별자치도",30
"봉(奉)","전국",12927
NA,"서울특별시",2871
NA,"부산광역시",278
NA,"대구광역시",143
NA,"인천광역시",977
NA,"광주광역시",988
NA,"대전광역시",378
NA,"울산광역시",126
NA,"세종특별자치시",44
NA,"경기도",4186
NA,"강원도",187
NA,"충청북도",793
NA,"충청남도",495
NA,"전라북도",568
NA,"전라남도",548
NA,"경상북도",142
NA,"경상남도",173
NA,"제주특별자치도",30
"부(夫)","전국",10536
NA,"서울특별시",1437
NA,"부산광역시",719
NA,"대구광역시",101
NA,"인천광역시",302
NA,"광주광역시",176
NA,"대전광역시",130
NA,"울산광역시",125
NA,"세종특별자치시",10
NA,"경기도",1294
NA,"강원도",83
NA,"충청북도",60
NA,"충청남도",127
NA,"전라북도",101
NA,"전라남도",318
NA,"경상북도",112
NA,"경상남도",306
NA,"제주특별자치도",5135
"빈(賓)","전국",5593
NA,"서울특별시",738
NA,"부산광역시",884
NA,"대구광역시",329
NA,"인천광역시",198
NA,"광주광역시",42
NA,"대전광역시",297
NA,"울산광역시",155
NA,"세종특별자치시",22
NA,"경기도",991
NA,"강원도",67
NA,"충청북도",123
NA,"충청남도",154
NA,"전라북도",296
NA,"전라남도",156
NA,"경상북도",192
NA,"경상남도",922
NA,"제주특별자치도",27
"사(史)","전국",10730
NA,"서울특별시",2113
NA,"부산광역시",444
NA,"대구광역시",376
NA,"인천광역시",815
NA,"광주광역시",134
NA,"대전광역시",287
NA,"울산광역시",148
NA,"세종특별자치시",152
NA,"경기도",3243
NA,"강원도",709
NA,"충청북도",577
NA,"충청남도",309
NA,"전라북도",164
NA,"전라남도",202
NA,"경상북도",517
NA,"경상남도",516
NA,"제주특별자치도",24
"사공(司空)","전국",4476
NA,"서울특별시",570
NA,"부산광역시",359
NA,"대구광역시",1469
NA,"인천광역시",81
NA,"광주광역시",13
NA,"대전광역시",66
NA,"울산광역시",112
NA,"세종특별자치시",28
NA,"경기도",583
NA,"강원도",80
NA,"충청북도",56
NA,"충청남도",69
NA,"전라북도",10
NA,"전라남도",14
NA,"경상북도",771
NA,"경상남도",180
NA,"제주특별자치도",15
"상(尙)","전국",2376
NA,"서울특별시",574
NA,"부산광역시",67
NA,"대구광역시",108
NA,"인천광역시",211
NA,"광주광역시",16
NA,"대전광역시",149
NA,"울산광역시",23
NA,"세종특별자치시",12
NA,"경기도",707
NA,"강원도",53
NA,"충청북도",41
NA,"충청남도",244
NA,"전라북도",76
NA,"경상북도",42
NA,"경상남도",42
NA,"제주특별자치도",7
"서(徐)","전국",751704
NA,"서울특별시",138669
NA,"부산광역시",56327
NA,"대구광역시",47094
NA,"인천광역시",39340
NA,"광주광역시",24550
NA,"대전광역시",21756
NA,"울산광역시",20061
NA,"세종특별자치시",2690
NA,"경기도",169667
NA,"강원도",15957
NA,"충청북도",20044
NA,"충청남도",27840
NA,"전라북도",29246
NA,"전라남도",36868
NA,"경상북도",42187
NA,"경상남도",55113
NA,"제주특별자치도",4295
"서문(西門)","전국",2028
NA,"서울특별시",395
NA,"부산광역시",100
NA,"대구광역시",47
NA,"인천광역시",103
NA,"광주광역시",10
NA,"대전광역시",176
NA,"울산광역시",27
NA,"세종특별자치시",6
NA,"경기도",470
NA,"강원도",14
NA,"충청북도",34
NA,"충청남도",150
NA,"전라북도",346
NA,"전라남도",26
NA,"경상북도",29
NA,"경상남도",90
NA,"제주특별자치도",5
"석(昔)","전국",11355
NA,"서울특별시",1877
NA,"부산광역시",616
NA,"대구광역시",664
NA,"인천광역시",621
NA,"광주광역시",151
NA,"대전광역시",486
NA,"울산광역시",379
NA,"세종특별자치시",51
NA,"경기도",2645
NA,"강원도",647
NA,"충청북도",376
NA,"충청남도",812
NA,"전라북도",365
NA,"전라남도",207
NA,"경상북도",964
NA,"경상남도",456
NA,"제주특별자치도",38
"석(石)","전국",49203
NA,"서울특별시",8405
NA,"부산광역시",4372
NA,"대구광역시",6993
NA,"인천광역시",2242
NA,"광주광역시",407
NA,"대전광역시",870
NA,"울산광역시",1242
NA,"세종특별자치시",129
NA,"경기도",10662
NA,"강원도",1298
NA,"충청북도",1655
NA,"충청남도",1190
NA,"전라북도",440
NA,"전라남도",384
NA,"경상북도",4523
NA,"경상남도",4225
NA,"제주특별자치도",166
"선(宣)","전국",42733
NA,"서울특별시",9101
NA,"부산광역시",2258
NA,"대구광역시",359
NA,"인천광역시",2229
NA,"광주광역시",5054
NA,"대전광역시",867
NA,"울산광역시",607
NA,"세종특별자치시",126
NA,"경기도",10756
NA,"강원도",1042
NA,"충청북도",804
NA,"충청남도",958
NA,"전라북도",1661
NA,"전라남도",4313
NA,"경상북도",567
NA,"경상남도",1752
NA,"제주특별자치도",279
"선우(鮮于)","전국",3588
NA,"서울특별시",1067
NA,"부산광역시",138
NA,"대구광역시",48
NA,"인천광역시",237
NA,"광주광역시",12
NA,"대전광역시",166
NA,"울산광역시",46
NA,"세종특별자치시",34
NA,"경기도",1087
NA,"강원도",171
NA,"충청북도",62
NA,"충청남도",278
NA,"전라북도",33
NA,"전라남도",19
NA,"경상북도",100
NA,"경상남도",77
NA,"제주특별자치도",13
"설(偰)","전국",2937
NA,"서울특별시",730
NA,"부산광역시",53
NA,"대구광역시",14
NA,"인천광역시",189
NA,"광주광역시",340
NA,"대전광역시",47
NA,"울산광역시",8
NA,"세종특별자치시",8
NA,"경기도",736
NA,"강원도",14
NA,"충청북도",32
NA,"충청남도",104
NA,"전라북도",369
NA,"전라남도",206
NA,"경상북도",12
NA,"경상남도",65
NA,"제주특별자치도",10
"설(薛)","전국",42646
NA,"서울특별시",7814
NA,"부산광역시",3854
NA,"대구광역시",1974
NA,"인천광역시",2035
NA,"광주광역시",1431
NA,"대전광역시",1575
NA,"울산광역시",1207
NA,"세종특별자치시",118
NA,"경기도",9693
NA,"강원도",772
NA,"충청북도",932
NA,"충청남도",1316
NA,"전라북도",2236
NA,"전라남도",1496
NA,"경상북도",2366
NA,"경상남도",3630
NA,"제주특별자치도",197
"성(成)","전국",199124
NA,"서울특별시",37674
NA,"부산광역시",17887
NA,"대구광역시",12733
NA,"인천광역시",10026
NA,"광주광역시",3232
NA,"대전광역시",8102
NA,"울산광역시",4471
NA,"세종특별자치시",1426
NA,"경기도",44826
NA,"강원도",3790
NA,"충청북도",6097
NA,"충청남도",8721
NA,"전라북도",6025
NA,"전라남도",4166
NA,"경상북도",10642
NA,"경상남도",17941
NA,"제주특별자치도",1365
"소(蘇)","전국",52427
NA,"서울특별시",11126
NA,"부산광역시",2036
NA,"대구광역시",2202
NA,"인천광역시",2472
NA,"광주광역시",1603
NA,"대전광역시",1818
NA,"울산광역시",570
NA,"세종특별자치시",242
NA,"경기도",12712
NA,"강원도",545
NA,"충청북도",871
NA,"충청남도",1883
NA,"전라북도",8880
NA,"전라남도",2270
NA,"경상북도",1159
NA,"경상남도",1788
NA,"제주특별자치도",250
"소(邵)","전국",1309
NA,"서울특별시",329
NA,"부산광역시",34
NA,"대구광역시",85
NA,"인천광역시",95
NA,"광주광역시",9
NA,"대전광역시",11
NA,"세종특별자치시",13
NA,"경기도",364
NA,"강원도",18
NA,"충청북도",19
NA,"충청남도",26
NA,"전라북도",24
NA,"전라남도",22
NA,"경상북도",51
NA,"경상남도",8
NA,"제주특별자치도",198
"손(孫)","전국",457303
NA,"서울특별시",77478
NA,"부산광역시",43641
NA,"대구광역시",33985
NA,"인천광역시",21187
NA,"광주광역시",11072
NA,"대전광역시",13408
NA,"울산광역시",15139
NA,"세종특별자치시",1482
NA,"경기도",94103
NA,"강원도",12014
NA,"충청북도",13109
NA,"충청남도",15369
NA,"전라북도",11062
NA,"전라남도",13706
NA,"경상북도",38792
NA,"경상남도",39358
NA,"제주특별자치도",2398
"송(宋)","전국",683494
NA,"서울특별시",136518
NA,"부산광역시",43436
NA,"대구광역시",23329
NA,"인천광역시",38476
NA,"광주광역시",21269
NA,"대전광역시",33793
NA,"울산광역시",13150
NA,"세종특별자치시",3043
NA,"경기도",168764
NA,"강원도",16114
NA,"충청북도",21302
NA,"충청남도",27776
NA,"전라북도",35408
NA,"전라남도",24884
NA,"경상북도",25693
NA,"경상남도",38670
NA,"제주특별자치도",11869
"승(承)","전국",2619
NA,"서울특별시",718
NA,"부산광역시",109
NA,"대구광역시",78
NA,"인천광역시",216
NA,"광주광역시",82
NA,"대전광역시",59
NA,"울산광역시",22
NA,"경기도",801
NA,"강원도",122
NA,"충청북도",55
NA,"충청남도",109
NA,"전라북도",62
NA,"전라남도",80
NA,"경상북도",57
NA,"경상남도",46
"시(施)","전국",2235
NA,"서울특별시",170
NA,"부산광역시",185
NA,"대구광역시",970
NA,"인천광역시",41
NA,"광주광역시",26
NA,"대전광역시",29
NA,"울산광역시",67
NA,"경기도",245
NA,"강원도",5
NA,"충청북도",7
NA,"충청남도",28
NA,"전라북도",12
NA,"전라남도",6
NA,"경상북도",314
NA,"경상남도",123
NA,"제주특별자치도",5
"시(柴)","전국",2114
NA,"서울특별시",523
NA,"부산광역시",96
NA,"대구광역시",16
NA,"인천광역시",101
NA,"광주광역시",34
NA,"대전광역시",55
NA,"울산광역시",11
NA,"경기도",546
NA,"강원도",16
NA,"충청북도",12
NA,"충청남도",101
NA,"전라북도",469
NA,"전라남도",21
NA,"경상북도",21
NA,"경상남도",71
NA,"제주특별자치도",18
"신(愼)","전국",51865
NA,"서울특별시",10764
NA,"부산광역시",5169
NA,"대구광역시",2519
NA,"인천광역시",2720
NA,"광주광역시",687
NA,"대전광역시",1409
NA,"울산광역시",1145
NA,"세종특별자치시",334
NA,"경기도",12699
NA,"강원도",578
NA,"충청북도",1116
NA,"충청남도",1416
NA,"전라북도",1650
NA,"전라남도",976
NA,"경상북도",1623
NA,"경상남도",5358
NA,"제주특별자치도",1702
"신(申)","전국",741081
NA,"서울특별시",151785
NA,"부산광역시",37672
NA,"대구광역시",39330
NA,"인천광역시",45006
NA,"광주광역시",22462
NA,"대전광역시",23430
NA,"울산광역시",12270
NA,"세종특별자치시",3123
NA,"경기도",190539
NA,"강원도",20075
NA,"충청북도",31439
NA,"충청남도",35086
NA,"전라북도",25210
NA,"전라남도",26909
NA,"경상북도",39053
NA,"경상남도",32510
NA,"제주특별자치도",5182
"신(辛)","전국",192877
NA,"서울특별시",33751
NA,"부산광역시",20188
NA,"대구광역시",7366
NA,"인천광역시",8635
NA,"광주광역시",2958
NA,"대전광역시",5462
NA,"울산광역시",7496
NA,"세종특별자치시",571
NA,"경기도",43935
NA,"강원도",11656
NA,"충청북도",9492
NA,"충청남도",5471
NA,"전라북도",4016
NA,"전라남도",2597
NA,"경상북도",9287
NA,"경상남도",19432
NA,"제주특별자치도",564
"심(沈)","전국",271749
NA,"서울특별시",53512
NA,"부산광역시",16829
NA,"대구광역시",10123
NA,"인천광역시",17036
NA,"광주광역시",7543
NA,"대전광역시",7344
NA,"울산광역시",6829
NA,"세종특별자치시",813
NA,"경기도",70317
NA,"강원도",16794
NA,"충청북도",8159
NA,"충청남도",10056
NA,"전라북도",8857
NA,"전라남도",6858
NA,"경상북도",11335
NA,"경상남도",18445
NA,"제주특별자치도",899
"안(安)","전국",685639
NA,"서울특별시",135123
NA,"부산광역시",44971
NA,"대구광역시",26934
NA,"인천광역시",41104
NA,"광주광역시",16369
NA,"대전광역시",20143
NA,"울산광역시",15400
NA,"세종특별자치시",3086
NA,"경기도",178085
NA,"강원도",24961
NA,"충청북도",26999
NA,"충청남도",26693
NA,"전라북도",21603
NA,"전라남도",17180
NA,"경상북도",36383
NA,"경상남도",45274
NA,"제주특별자치도",5331
"양(梁)","전국",460600
NA,"서울특별시",91018
NA,"부산광역시",28018
NA,"대구광역시",11186
NA,"인천광역시",24983
NA,"광주광역시",23109
NA,"대전광역시",15938
NA,"울산광역시",7153
NA,"세종특별자치시",1846
NA,"경기도",109352
NA,"강원도",9151
NA,"충청북도",11130
NA,"충청남도",18065
NA,"전라북도",24786
NA,"전라남도",23619
NA,"경상북도",13471
NA,"경상남도",24056
NA,"제주특별자치도",23719
"양(楊)","전국",69101
NA,"서울특별시",14292
NA,"부산광역시",4033
NA,"대구광역시",5915
NA,"인천광역시",3539
NA,"광주광역시",1171
NA,"대전광역시",2106
NA,"울산광역시",1585
NA,"세종특별자치시",372
NA,"경기도",17570
NA,"강원도",1207
NA,"충청북도",2176
NA,"충청남도",2209
NA,"전라북도",4411
NA,"전라남도",1255
NA,"경상북도",4019
NA,"경상남도",2957
NA,"제주특별자치도",284
"어(魚)","전국",18849
NA,"서울특별시",4224
NA,"부산광역시",1113
NA,"대구광역시",474
NA,"인천광역시",975
NA,"광주광역시",81
NA,"대전광역시",395
NA,"울산광역시",385
NA,"세종특별자치시",76
NA,"경기도",5749
NA,"강원도",1275
NA,"충청북도",1461
NA,"충청남도",552
NA,"전라북도",111
NA,"전라남도",170
NA,"경상북도",603
NA,"경상남도",1158
NA,"제주특별자치도",47
"엄(嚴)","전국",144425
NA,"서울특별시",26944
NA,"부산광역시",9023
NA,"대구광역시",6515
NA,"인천광역시",8366
NA,"광주광역시",1557
NA,"대전광역시",3595
NA,"울산광역시",5323
NA,"세종특별자치시",547
NA,"경기도",38367
NA,"강원도",10509
NA,"충청북도",6402
NA,"충청남도",5470
NA,"전라북도",3605
NA,"전라남도",2286
NA,"경상북도",8731
NA,"경상남도",6761
NA,"제주특별자치도",424
"여(余)","전국",20134
NA,"서울특별시",2823
NA,"부산광역시",3367
NA,"대구광역시",1256
NA,"인천광역시",709
NA,"광주광역시",196
NA,"대전광역시",295
NA,"울산광역시",684
NA,"세종특별자치시",35
NA,"경기도",3207
NA,"강원도",411
NA,"충청북도",384
NA,"충청남도",362
NA,"전라북도",252
NA,"전라남도",352
NA,"경상북도",1713
NA,"경상남도",4027
NA,"제주특별자치도",61
"여(呂)","전국",60522
NA,"서울특별시",10819
NA,"부산광역시",3522
NA,"대구광역시",7169
NA,"인천광역시",3166
NA,"광주광역시",1508
NA,"대전광역시",2432
NA,"울산광역시",1254
NA,"세종특별자치시",308
NA,"경기도",13526
NA,"강원도",1199
NA,"충청북도",1990
NA,"충청남도",2000
NA,"전라북도",1753
NA,"전라남도",1807
NA,"경상북도",4863
NA,"경상남도",2924
NA,"제주특별자치도",282
"연(延)","전국",34766
NA,"서울특별시",7012
NA,"부산광역시",674
NA,"대구광역시",457
NA,"인천광역시",1994
NA,"광주광역시",109
NA,"대전광역시",1984
NA,"울산광역시",323
NA,"세종특별자치시",264
NA,"경기도",9267
NA,"강원도",1207
NA,"충청북도",8371
NA,"충청남도",1274
NA,"전라북도",291
NA,"전라남도",266
NA,"경상북도",562
NA,"경상남도",640
NA,"제주특별자치도",71
"염(廉)","전국",69387
NA,"서울특별시",13959
NA,"부산광역시",4017
NA,"대구광역시",1602
NA,"인천광역시",4343
NA,"광주광역시",3274
NA,"대전광역시",3411
NA,"울산광역시",1156
NA,"세종특별자치시",352
NA,"경기도",18968
NA,"강원도",2672
NA,"충청북도",2602
NA,"충청남도",2742
NA,"전라북도",2116
NA,"전라남도",2439
NA,"경상북도",1866
NA,"경상남도",3599
NA,"제주특별자치도",269
"예(芮)","전국",13568
NA,"서울특별시",1990
NA,"부산광역시",2172
NA,"대구광역시",1909
NA,"인천광역시",489
NA,"광주광역시",29
NA,"대전광역시",249
NA,"울산광역시",470
NA,"세종특별자치시",24
NA,"경기도",2679
NA,"강원도",166
NA,"충청북도",196
NA,"충청남도",204
NA,"전라북도",64
NA,"전라남도",88
NA,"경상북도",1455
NA,"경상남도",1315
NA,"제주특별자치도",69
"오(吳)","전국",763281
NA,"서울특별시",150941
NA,"부산광역시",43436
NA,"대구광역시",28203
NA,"인천광역시",44527
NA,"광주광역시",28059
NA,"대전광역시",30372
NA,"울산광역시",14198
NA,"세종특별자치시",4079
NA,"경기도",185054
NA,"강원도",16420
NA,"충청북도",27604
NA,"충청남도",34409
NA,"전라북도",35626
NA,"전라남도",29574
NA,"경상북도",30741
NA,"경상남도",38333
NA,"제주특별자치도",21705
"옥(玉)","전국",25107
NA,"서울특별시",3636
NA,"부산광역시",4471
NA,"대구광역시",926
NA,"인천광역시",921
NA,"광주광역시",328
NA,"대전광역시",267
NA,"울산광역시",613
NA,"세종특별자치시",42
NA,"경기도",3859
NA,"강원도",389
NA,"충청북도",305
NA,"충청남도",411
NA,"전라북도",482
NA,"전라남도",569
NA,"경상북도",851
NA,"경상남도",6962
NA,"제주특별자치도",75
"온(溫)","전국",5418
NA,"서울특별시",1266
NA,"부산광역시",142
NA,"대구광역시",96
NA,"인천광역시",331
NA,"광주광역시",63
NA,"대전광역시",87
NA,"울산광역시",58
NA,"세종특별자치시",47
NA,"경기도",1486
NA,"강원도",105
NA,"충청북도",88
NA,"충청남도",201
NA,"전라북도",1111
NA,"전라남도",54
NA,"경상북도",97
NA,"경상남도",172
NA,"제주특별자치도",14
"왕(王)","전국",25565
NA,"서울특별시",5853
NA,"부산광역시",1818
NA,"대구광역시",478
NA,"인천광역시",1610
NA,"광주광역시",444
NA,"대전광역시",618
NA,"울산광역시",382
NA,"세종특별자치시",104
NA,"경기도",7370
NA,"강원도",717
NA,"충청북도",823
NA,"충청남도",674
NA,"전라북도",1548
NA,"전라남도",764
NA,"경상북도",508
NA,"경상남도",1755
NA,"제주특별자치도",99
"용(龍)","전국",15276
NA,"서울특별시",2989
NA,"부산광역시",365
NA,"대구광역시",293
NA,"인천광역시",1031
NA,"광주광역시",356
NA,"대전광역시",214
NA,"울산광역시",154
NA,"세종특별자치시",37
NA,"경기도",5196
NA,"강원도",2346
NA,"충청북도",334
NA,"충청남도",384
NA,"전라북도",156
NA,"전라남도",606
NA,"경상북도",317
NA,"경상남도",307
NA,"제주특별자치도",191
"우(禹)","전국",194713
NA,"서울특별시",35033
NA,"부산광역시",13939
NA,"대구광역시",15656
NA,"인천광역시",9787
NA,"광주광역시",1973
NA,"대전광역시",5816
NA,"울산광역시",6062
NA,"세종특별자치시",644
NA,"경기도",46510
NA,"강원도",5790
NA,"충청북도",8702
NA,"충청남도",7192
NA,"전라북도",3737
NA,"전라남도",4019
NA,"경상북도",16206
NA,"경상남도",12384
NA,"제주특별자치도",1263
"원(元)","전국",129522
NA,"서울특별시",27104
NA,"부산광역시",5554
NA,"대구광역시",3080
NA,"인천광역시",8256
NA,"광주광역시",1318
NA,"대전광역시",3168
NA,"울산광역시",1966
NA,"세종특별자치시",483
NA,"경기도",41388
NA,"강원도",10181
NA,"충청북도",4887
NA,"충청남도",5782
NA,"전라북도",3336
NA,"전라남도",1335
NA,"경상북도",4808
NA,"경상남도",5196
NA,"제주특별자치도",1680
"위(魏)","전국",31342
NA,"서울특별시",7076
NA,"부산광역시",1949
NA,"대구광역시",860
NA,"인천광역시",1652
NA,"광주광역시",2766
NA,"대전광역시",513
NA,"울산광역시",448
NA,"세종특별자치시",84
NA,"경기도",7481
NA,"강원도",858
NA,"충청북도",590
NA,"충청남도",621
NA,"전라북도",620
NA,"전라남도",3156
NA,"경상북도",1311
NA,"경상남도",1096
NA,"제주특별자치도",261
"유(兪)","전국",167927
NA,"서울특별시",34096
NA,"부산광역시",8837
NA,"대구광역시",8108
NA,"인천광역시",10149
NA,"광주광역시",2863
NA,"대전광역시",6496
NA,"울산광역시",3895
NA,"세종특별자치시",1377
NA,"경기도",46827
NA,"강원도",3561
NA,"충청북도",4154
NA,"충청남도",11683
NA,"전라북도",4281
NA,"전라남도",3910
NA,"경상북도",8140
NA,"경상남도",8340
NA,"제주특별자치도",1210
"유(劉)","전국",302511
NA,"서울특별시",59095
NA,"부산광역시",18212
NA,"대구광역시",10034
NA,"인천광역시",20058
NA,"광주광역시",8082
NA,"대전광역시",9307
NA,"울산광역시",6290
NA,"세종특별자치시",1072
NA,"경기도",78562
NA,"강원도",11043
NA,"충청북도",11604
NA,"충청남도",13671
NA,"전라북도",11772
NA,"전라남도",10990
NA,"경상북도",12903
NA,"경상남도",18105
NA,"제주특별자치도",1711
"유(庾)","전국",13868
NA,"서울특별시",3144
NA,"부산광역시",262
NA,"대구광역시",171
NA,"인천광역시",828
NA,"광주광역시",572
NA,"대전광역시",1698
NA,"울산광역시",98
NA,"세종특별자치시",74
NA,"경기도",3645
NA,"강원도",168
NA,"충청북도",656
NA,"충청남도",865
NA,"전라북도",804
NA,"전라남도",444
NA,"경상북도",169
NA,"경상남도",223
NA,"제주특별자치도",47
"유(柳)","전국",478990
NA,"서울특별시",108408
NA,"부산광역시",19508
NA,"대구광역시",8613
NA,"인천광역시",32832
NA,"광주광역시",11360
NA,"대전광역시",18080
NA,"울산광역시",4025
NA,"세종특별자치시",2290
NA,"경기도",138384
NA,"강원도",13695
NA,"충청북도",21301
NA,"충청남도",27606
NA,"전라북도",31039
NA,"전라남도",10455
NA,"경상북도",10941
NA,"경상남도",18189
NA,"제주특별자치도",2264
"육(陸)","전국",23455
NA,"서울특별시",4379
NA,"부산광역시",1016
NA,"대구광역시",967
NA,"인천광역시",1039
NA,"광주광역시",154
NA,"대전광역시",2675
NA,"울산광역시",331
NA,"세종특별자치시",196
NA,"경기도",5193
NA,"강원도",365
NA,"충청북도",1657
NA,"충청남도",1181
NA,"전라북도",1611
NA,"전라남도",245
NA,"경상북도",1459
NA,"경상남도",936
NA,"제주특별자치도",51
"윤(尹)","전국",1020547
NA,"서울특별시",203672
NA,"부산광역시",66726
NA,"대구광역시",47969
NA,"인천광역시",60483
NA,"광주광역시",29897
NA,"대전광역시",33093
NA,"울산광역시",22460
NA,"세종특별자치시",4766
NA,"경기도",258708
NA,"강원도",29123
NA,"충청북도",33917
NA,"충청남도",46500
NA,"전라북도",27093
NA,"전라남도",34330
NA,"경상북도",50863
NA,"경상남도",61911
NA,"제주특별자치도",9036
"은(殷)","전국",16894
NA,"서울특별시",3661
NA,"부산광역시",551
NA,"대구광역시",2015
NA,"인천광역시",750
NA,"광주광역시",490
NA,"대전광역시",360
NA,"울산광역시",251
NA,"세종특별자치시",38
NA,"경기도",4272
NA,"강원도",254
NA,"충청북도",241
NA,"충청남도",342
NA,"전라북도",1790
NA,"전라남도",406
NA,"경상북도",1015
NA,"경상남도",393
NA,"제주특별자치도",65
"음(陰)","전국",5604
NA,"서울특별시",1150
NA,"부산광역시",135
NA,"대구광역시",194
NA,"인천광역시",371
NA,"광주광역시",60
NA,"대전광역시",143
NA,"울산광역시",53
NA,"세종특별자치시",17
NA,"경기도",1950
NA,"강원도",125
NA,"충청북도",732
NA,"충청남도",155
NA,"전라북도",74
NA,"전라남도",169
NA,"경상북도",140
NA,"경상남도",126
NA,"제주특별자치도",10
"이(李)","전국",7306828
NA,"서울특별시",1441796
NA,"부산광역시",469587
NA,"대구광역시",374123
NA,"인천광역시",424803
NA,"광주광역시",179688
NA,"대전광역시",230292
NA,"울산광역시",167221
NA,"세종특별자치시",30455
NA,"경기도",1856028
NA,"강원도",216909
NA,"충청북도",237914
NA,"충청남도",327336
NA,"전라북도",251483
NA,"전라남도",205798
NA,"경상북도",391378
NA,"경상남도",441464
NA,"제주특별자치도",60553
"인(印)","전국",22363
NA,"서울특별시",5195
NA,"부산광역시",371
NA,"대구광역시",268
NA,"인천광역시",2513
NA,"광주광역시",157
NA,"대전광역시",800
NA,"울산광역시",128
NA,"세종특별자치시",157
NA,"경기도",7122
NA,"강원도",384
NA,"충청북도",449
NA,"충청남도",3378
NA,"전라북도",516
NA,"전라남도",191
NA,"경상북도",407
NA,"경상남도",253
NA,"제주특별자치도",74
"임(任)","전국",191261
NA,"서울특별시",42421
NA,"부산광역시",6551
NA,"대구광역시",3520
NA,"인천광역시",12137
NA,"광주광역시",7927
NA,"대전광역시",8938
NA,"울산광역시",2856
NA,"세종특별자치시",817
NA,"경기도",53006
NA,"강원도",4929
NA,"충청북도",5912
NA,"충청남도",12849
NA,"전라북도",6214
NA,"전라남도",9049
NA,"경상북도",4676
NA,"경상남도",4377
NA,"제주특별자치도",5082
"임(林)","전국",823921
NA,"서울특별시",163027
NA,"부산광역시",48892
NA,"대구광역시",35549
NA,"인천광역시",46938
NA,"광주광역시",30223
NA,"대전광역시",28010
NA,"울산광역시",16201
NA,"세종특별자치시",6273
NA,"경기도",201680
NA,"강원도",20311
NA,"충청북도",26891
NA,"충청남도",35455
NA,"전라북도",37023
NA,"전라남도",31265
NA,"경상북도",44853
NA,"경상남도",45790
NA,"제주특별자치도",5540
"장(張)","전국",992721
NA,"서울특별시",191049
NA,"부산광역시",62455
NA,"대구광역시",53284
NA,"인천광역시",59398
NA,"광주광역시",28820
NA,"대전광역시",26438
NA,"울산광역시",21548
NA,"세종특별자치시",4023
NA,"경기도",241997
NA,"강원도",31056
NA,"충청북도",33714
NA,"충청남도",39650
NA,"전라북도",36575
NA,"전라남도",39870
NA,"경상북도",59675
NA,"경상남도",54228
NA,"제주특별자치도",8941
"장(章)","전국",5764
NA,"서울특별시",955
NA,"부산광역시",993
NA,"대구광역시",484
NA,"인천광역시",169
NA,"광주광역시",20
NA,"대전광역시",112
NA,"울산광역시",217
NA,"세종특별자치시",8
NA,"경기도",1017
NA,"강원도",55
NA,"충청북도",39
NA,"충청남도",79
NA,"전라북도",129
NA,"전라남도",28
NA,"경상북도",227
NA,"경상남도",1214
NA,"제주특별자치도",18
"장(蔣)","전국",21508
NA,"서울특별시",2948
NA,"부산광역시",2779
NA,"대구광역시",4042
NA,"인천광역시",588
NA,"광주광역시",201
NA,"대전광역시",343
NA,"울산광역시",1016
NA,"세종특별자치시",75
NA,"경기도",3103
NA,"강원도",293
NA,"충청북도",256
NA,"충청남도",388
NA,"전라북도",169
NA,"전라남도",234
NA,"경상북도",3066
NA,"경상남도",1923
NA,"제주특별자치도",84
"전(全)","전국",559110
NA,"서울특별시",103808
NA,"부산광역시",34071
NA,"대구광역시",32470
NA,"인천광역시",33316
NA,"광주광역시",14586
NA,"대전광역시",18954
NA,"울산광역시",11990
NA,"세종특별자치시",2266
NA,"경기도",134607
NA,"강원도",28770
NA,"충청북도",21796
NA,"충청남도",21783
NA,"전라북도",20399
NA,"전라남도",15931
NA,"경상북도",31864
NA,"경상남도",29181
NA,"제주특별자치도",3318
"전(田)","전국",186469
NA,"서울특별시",35680
NA,"부산광역시",15051
NA,"대구광역시",7133
NA,"인천광역시",11192
NA,"광주광역시",3956
NA,"대전광역시",5944
NA,"울산광역시",3684
NA,"세종특별자치시",765
NA,"경기도",44323
NA,"강원도",3588
NA,"충청북도",3255
NA,"충청남도",12859
NA,"전라북도",8593
NA,"전라남도",3900
NA,"경상북도",8484
NA,"경상남도",16929
NA,"제주특별자치도",1133
"전(錢)","전국",3678
NA,"서울특별시",894
NA,"부산광역시",174
NA,"대구광역시",167
NA,"인천광역시",158
NA,"광주광역시",120
NA,"대전광역시",65
NA,"울산광역시",43
NA,"세종특별자치시",8
NA,"경기도",1003
NA,"강원도",90
NA,"충청북도",191
NA,"충청남도",175
NA,"전라북도",47
NA,"전라남도",125
NA,"경상북도",300
NA,"경상남도",107
NA,"제주특별자치도",11
"정(丁)","전국",243803
NA,"서울특별시",49172
NA,"부산광역시",15477
NA,"대구광역시",8346
NA,"인천광역시",12915
NA,"광주광역시",15906
NA,"대전광역시",5439
NA,"울산광역시",4129
NA,"세종특별자치시",800
NA,"경기도",57259
NA,"강원도",5225
NA,"충청북도",4620
NA,"충청남도",8216
NA,"전라북도",10490
NA,"전라남도",21882
NA,"경상북도",8603
NA,"경상남도",13653
NA,"제주특별자치도",1671
"정(程)","전국",11683
NA,"서울특별시",2318
NA,"부산광역시",418
NA,"대구광역시",128
NA,"인천광역시",516
NA,"광주광역시",2073
NA,"대전광역시",758
NA,"울산광역시",150
NA,"세종특별자치시",40
NA,"경기도",2594
NA,"강원도",246
NA,"충청북도",173
NA,"충청남도",320
NA,"전라북도",713
NA,"전라남도",758
NA,"경상북도",145
NA,"경상남도",298
NA,"제주특별자치도",35
"정(鄭)","전국",2151879
NA,"서울특별시",399740
NA,"부산광역시",173353
NA,"대구광역시",109560
NA,"인천광역시",112042
NA,"광주광역시",74306
NA,"대전광역시",61844
NA,"울산광역시",52866
NA,"세종특별자치시",7596
NA,"경기도",491096
NA,"강원도",59025
NA,"충청북도",64445
NA,"충청남도",79060
NA,"전라북도",71590
NA,"전라남도",85909
NA,"경상북도",117659
NA,"경상남도",176320
NA,"제주특별자치도",15468
"제(諸)","전국",21976
NA,"서울특별시",2592
NA,"부산광역시",4301
NA,"대구광역시",1202
NA,"인천광역시",500
NA,"광주광역시",303
NA,"대전광역시",325
NA,"울산광역시",594
NA,"세종특별자치시",35
NA,"경기도",2923
NA,"강원도",166
NA,"충청북도",255
NA,"충청남도",284
NA,"전라북도",303
NA,"전라남도",600
NA,"경상북도",773
NA,"경상남도",6710
NA,"제주특별자치도",110
"제갈(諸葛)","전국",5655
NA,"서울특별시",837
NA,"부산광역시",331
NA,"대구광역시",1390
NA,"인천광역시",180
NA,"광주광역시",147
NA,"대전광역시",139
NA,"울산광역시",146
NA,"세종특별자치시",7
NA,"경기도",1106
NA,"강원도",106
NA,"충청북도",68
NA,"충청남도",107
NA,"전라북도",94
NA,"전라남도",244
NA,"경상북도",459
NA,"경상남도",282
NA,"제주특별자치도",12
"조(曺)","전국",398260
NA,"서울특별시",73956
NA,"부산광역시",33124
NA,"대구광역시",23288
NA,"인천광역시",18842
NA,"광주광역시",22880
NA,"대전광역시",10136
NA,"울산광역시",8116
NA,"세종특별자치시",1176
NA,"경기도",86469
NA,"강원도",9525
NA,"충청북도",8770
NA,"충청남도",12751
NA,"전라북도",11428
NA,"전라남도",19770
NA,"경상북도",19725
NA,"경상남도",36252
NA,"제주특별자치도",2052
"조(趙)","전국",1055567
NA,"서울특별시",215998
NA,"부산광역시",63307
NA,"대구광역시",39716
NA,"인천광역시",67616
NA,"광주광역시",26858
NA,"대전광역시",33554
NA,"울산광역시",18891
NA,"세종특별자치시",4087
NA,"경기도",273759
NA,"강원도",28855
NA,"충청북도",35286
NA,"충청남도",50627
NA,"전라북도",40011
NA,"전라남도",37234
NA,"경상북도",44318
NA,"경상남도",66667
NA,"제주특별자치도",8783
"좌(左)","전국",3378
NA,"서울특별시",457
NA,"부산광역시",170
NA,"대구광역시",12
NA,"인천광역시",52
NA,"광주광역시",19
NA,"대전광역시",35
NA,"울산광역시",38
NA,"경기도",384
NA,"강원도",32
NA,"충청북도",21
NA,"충청남도",35
NA,"전라북도",26
NA,"전라남도",17
NA,"경상북도",75
NA,"경상남도",53
NA,"제주특별자치도",1948
"주(周)","전국",37240
NA,"서울특별시",6676
NA,"부산광역시",3573
NA,"대구광역시",1210
NA,"인천광역시",1931
NA,"광주광역시",1261
NA,"대전광역시",1785
NA,"울산광역시",688
NA,"세종특별자치시",148
NA,"경기도",7701
NA,"강원도",579
NA,"충청북도",1769
NA,"충청남도",1416
NA,"전라북도",866
NA,"전라남도",1116
NA,"경상북도",963
NA,"경상남도",5376
NA,"제주특별자치도",182
"주(朱)","전국",194766
NA,"서울특별시",37968
NA,"부산광역시",14613
NA,"대구광역시",6254
NA,"인천광역시",11356
NA,"광주광역시",7670
NA,"대전광역시",4681
NA,"울산광역시",4357
NA,"세종특별자치시",532
NA,"경기도",46354
NA,"강원도",5672
NA,"충청북도",3851
NA,"충청남도",7361
NA,"전라북도",7352
NA,"전라남도",12991
NA,"경상북도",8501
NA,"경상남도",14193
NA,"제주특별자치도",1060
"지(智)","전국",6070
NA,"서울특별시",1266
NA,"부산광역시",165
NA,"대구광역시",59
NA,"인천광역시",336
NA,"광주광역시",32
NA,"대전광역시",101
NA,"울산광역시",103
NA,"세종특별자치시",39
NA,"경기도",2072
NA,"강원도",791
NA,"충청북도",648
NA,"충청남도",166
NA,"전라북도",34
NA,"전라남도",31
NA,"경상북도",105
NA,"경상남도",100
NA,"제주특별자치도",22
"지(池)","전국",153491
NA,"서울특별시",29798
NA,"부산광역시",8119
NA,"대구광역시",5201
NA,"인천광역시",9905
NA,"광주광역시",3047
NA,"대전광역시",4718
NA,"울산광역시",3172
NA,"세종특별자치시",534
NA,"경기도",41422
NA,"강원도",7107
NA,"충청북도",8639
NA,"충청남도",8141
NA,"전라북도",3228
NA,"전라남도",4128
NA,"경상북도",7403
NA,"경상남도",7495
NA,"제주특별자치도",1434
"진(晋)","전국",7566
NA,"서울특별시",1758
NA,"부산광역시",268
NA,"대구광역시",104
NA,"인천광역시",423
NA,"광주광역시",218
NA,"대전광역시",137
NA,"울산광역시",58
NA,"세종특별자치시",23
NA,"경기도",1920
NA,"강원도",48
NA,"충청북도",79
NA,"충청남도",191
NA,"전라북도",1740
NA,"전라남도",235
NA,"경상북도",142
NA,"경상남도",183
NA,"제주특별자치도",39
"진(秦)","전국",19301
NA,"서울특별시",3665
NA,"부산광역시",965
NA,"대구광역시",1002
NA,"인천광역시",1076
NA,"광주광역시",89
NA,"대전광역시",333
NA,"울산광역시",381
NA,"세종특별자치시",57
NA,"경기도",4409
NA,"강원도",1034
NA,"충청북도",524
NA,"충청남도",353
NA,"전라북도",122
NA,"전라남도",184
NA,"경상북도",1174
NA,"경상남도",540
NA,"제주특별자치도",3393
"진(陣)","전국",1740
NA,"서울특별시",285
NA,"부산광역시",192
NA,"대구광역시",73
NA,"인천광역시",89
NA,"광주광역시",42
NA,"대전광역시",53
NA,"울산광역시",48
NA,"세종특별자치시",5
NA,"경기도",386
NA,"강원도",56
NA,"충청북도",56
NA,"충청남도",67
NA,"전라북도",71
NA,"전라남도",61
NA,"경상북도",76
NA,"경상남도",169
NA,"제주특별자치도",11
"진(陳)","전국",157599
NA,"서울특별시",28248
NA,"부산광역시",13766
NA,"대구광역시",7155
NA,"인천광역시",6984
NA,"광주광역시",4897
NA,"대전광역시",4550
NA,"울산광역시",3705
NA,"세종특별자치시",770
NA,"경기도",34288
NA,"강원도",4880
NA,"충청북도",4081
NA,"충청남도",5108
NA,"전라북도",8040
NA,"전라남도",5670
NA,"경상북도",7061
NA,"경상남도",17742
NA,"제주특별자치도",654
"차(車)","전국",194782
NA,"서울특별시",36431
NA,"부산광역시",14992
NA,"대구광역시",9601
NA,"인천광역시",12888
NA,"광주광역시",5527
NA,"대전광역시",5574
NA,"울산광역시",6409
NA,"세종특별자치시",614
NA,"경기도",47327
NA,"강원도",4852
NA,"충청북도",4679
NA,"충청남도",7694
NA,"전라북도",5535
NA,"전라남도",7318
NA,"경상북도",7605
NA,"경상남도",16457
NA,"제주특별자치도",1279
"채(蔡)","전국",131557
NA,"서울특별시",27652
NA,"부산광역시",5732
NA,"대구광역시",8383
NA,"인천광역시",7899
NA,"광주광역시",5068
NA,"대전광역시",3447
NA,"울산광역시",1773
NA,"세종특별자치시",586
NA,"경기도",32037
NA,"강원도",3261
NA,"충청북도",4007
NA,"충청남도",4949
NA,"전라북도",8341
NA,"전라남도",5446
NA,"경상북도",6960
NA,"경상남도",4657
NA,"제주특별자치도",1359
"천(千)","전국",121780
NA,"서울특별시",20501
NA,"부산광역시",10769
NA,"대구광역시",6176
NA,"인천광역시",6093
NA,"광주광역시",3831
NA,"대전광역시",3719
NA,"울산광역시",3763
NA,"세종특별자치시",388
NA,"경기도",26337
NA,"강원도",3057
NA,"충청북도",3225
NA,"충청남도",4262
NA,"전라북도",2975
NA,"전라남도",5705
NA,"경상북도",8058
NA,"경상남도",12206
NA,"제주특별자치도",715
"최(催)","전국",6582
NA,"서울특별시",777
NA,"부산광역시",448
NA,"대구광역시",244
NA,"인천광역시",455
NA,"광주광역시",208
NA,"대전광역시",131
NA,"울산광역시",176
NA,"세종특별자치시",34
NA,"경기도",1611
NA,"강원도",303
NA,"충청북도",276
NA,"충청남도",344
NA,"전라북도",348
NA,"전라남도",362
NA,"경상북도",343
NA,"경상남도",456
NA,"제주특별자치도",66
"최(崔)","전국",2333927
NA,"서울특별시",447597
NA,"부산광역시",152559
NA,"대구광역시",109651
NA,"인천광역시",136903
NA,"광주광역시",68523
NA,"대전광역시",64623
NA,"울산광역시",57255
NA,"세종특별자치시",8747
NA,"경기도",575020
NA,"강원도",93790
NA,"충청북도",68548
NA,"충청남도",97149
NA,"전라북도",98409
NA,"전라남도",79027
NA,"경상북도",127339
NA,"경상남도",137661
NA,"제주특별자치도",11126
"추(秋)","전국",60483
NA,"서울특별시",9755
NA,"부산광역시",5772
NA,"대구광역시",4621
NA,"인천광역시",3539
NA,"광주광역시",2129
NA,"대전광역시",1445
NA,"울산광역시",1644
NA,"세종특별자치시",181
NA,"경기도",11951
NA,"강원도",1740
NA,"충청북도",1418
NA,"충청남도",2001
NA,"전라북도",1972
NA,"전라남도",3229
NA,"경상북도",3052
NA,"경상남도",5668
NA,"제주특별자치도",366
"탁(卓)","전국",21099
NA,"서울특별시",4054
NA,"부산광역시",1856
NA,"대구광역시",748
NA,"인천광역시",1148
NA,"광주광역시",579
NA,"대전광역시",444
NA,"울산광역시",386
NA,"세종특별자치시",45
NA,"경기도",4770
NA,"강원도",1289
NA,"충청북도",460
NA,"충청남도",418
NA,"전라북도",1087
NA,"전라남도",748
NA,"경상북도",967
NA,"경상남도",2023
NA,"제주특별자치도",77
"태(太)","전국",9063
NA,"서울특별시",1847
NA,"부산광역시",574
NA,"대구광역시",671
NA,"인천광역시",611
NA,"광주광역시",89
NA,"대전광역시",415
NA,"울산광역시",150
NA,"세종특별자치시",34
NA,"경기도",2158
NA,"강원도",264
NA,"충청북도",215
NA,"충청남도",207
NA,"전라북도",740
NA,"전라남도",70
NA,"경상북도",702
NA,"경상남도",297
NA,"제주특별자치도",19
"팽(彭)","전국",2935
NA,"서울특별시",482
NA,"부산광역시",252
NA,"대구광역시",102
NA,"인천광역시",95
NA,"광주광역시",13
NA,"대전광역시",46
NA,"울산광역시",54
NA,"세종특별자치시",19
NA,"경기도",521
NA,"강원도",53
NA,"충청북도",72
NA,"충청남도",53
NA,"전라북도",18
NA,"전라남도",23
NA,"경상북도",74
NA,"경상남도",1049
NA,"제주특별자치도",9
"편(片)","전국",16689
NA,"서울특별시",3140
NA,"부산광역시",818
NA,"대구광역시",678
NA,"인천광역시",1055
NA,"광주광역시",463
NA,"대전광역시",541
NA,"울산광역시",315
NA,"세종특별자치시",64
NA,"경기도",4375
NA,"강원도",320
NA,"충청북도",268
NA,"충청남도",1707
NA,"전라북도",347
NA,"전라남도",505
NA,"경상북도",1259
NA,"경상남도",757
NA,"제주특별자치도",77
"표(表)","전국",30743
NA,"서울특별시",6066
NA,"부산광역시",2119
NA,"대구광역시",1622
NA,"인천광역시",1807
NA,"광주광역시",904
NA,"대전광역시",800
NA,"울산광역시",542
NA,"세종특별자치시",94
NA,"경기도",8325
NA,"강원도",545
NA,"충청북도",976
NA,"충청남도",1768
NA,"전라북도",806
NA,"전라남도",761
NA,"경상북도",892
NA,"경상남도",2593
NA,"제주특별자치도",123
"피(皮)","전국",6578
NA,"서울특별시",1322
NA,"부산광역시",284
NA,"대구광역시",548
NA,"인천광역시",371
NA,"광주광역시",27
NA,"대전광역시",96
NA,"울산광역시",102
NA,"세종특별자치시",13
NA,"경기도",2059
NA,"강원도",242
NA,"충청북도",608
NA,"충청남도",122
NA,"전라북도",29
NA,"전라남도",43
NA,"경상북도",521
NA,"경상남도",170
NA,"제주특별자치도",21
"하(夏)","전국",2475
NA,"서울특별시",405
NA,"부산광역시",207
NA,"대구광역시",537
NA,"인천광역시",94
NA,"광주광역시",32
NA,"대전광역시",44
NA,"울산광역시",28
NA,"세종특별자치시",6
NA,"경기도",472
NA,"강원도",38
NA,"충청북도",28
NA,"충청남도",36
NA,"전라북도",178
NA,"전라남도",20
NA,"경상북도",163
NA,"경상남도",171
NA,"제주특별자치도",16
"하(河)","전국",230481
NA,"서울특별시",37779
NA,"부산광역시",30287
NA,"대구광역시",14381
NA,"인천광역시",10143
NA,"광주광역시",4732
NA,"대전광역시",4806
NA,"울산광역시",6565
NA,"세종특별자치시",740
NA,"경기도",42205
NA,"강원도",3561
NA,"충청북도",4493
NA,"충청남도",6079
NA,"전라북도",7891
NA,"전라남도",6039
NA,"경상북도",12929
NA,"경상남도",36591
NA,"제주특별자치도",1260
"한(韓)","전국",773404
NA,"서울특별시",162420
NA,"부산광역시",42559
NA,"대구광역시",25230
NA,"인천광역시",53288
NA,"광주광역시",19563
NA,"대전광역시",25688
NA,"울산광역시",14691
NA,"세종특별자치시",3097
NA,"경기도",211732
NA,"강원도",21739
NA,"충청북도",24580
NA,"충청남도",38583
NA,"전라북도",31053
NA,"전라남도",23316
NA,"경상북도",27458
NA,"경상남도",36722
NA,"제주특별자치도",11685
"함(咸)","전국",80659
NA,"서울특별시",16545
NA,"부산광역시",2283
NA,"대구광역시",2283
NA,"인천광역시",5877
NA,"광주광역시",921
NA,"대전광역시",1773
NA,"울산광역시",1202
NA,"세종특별자치시",234
NA,"경기도",24091
NA,"강원도",9813
NA,"충청북도",3133
NA,"충청남도",3391
NA,"전라북도",1981
NA,"전라남도",1426
NA,"경상북도",3074
NA,"경상남도",1891
NA,"제주특별자치도",741
"허(許)","전국",326770
NA,"서울특별시",59686
NA,"부산광역시",29152
NA,"대구광역시",17868
NA,"인천광역시",16845
NA,"광주광역시",6888
NA,"대전광역시",7484
NA,"울산광역시",8093
NA,"세종특별자치시",1164
NA,"경기도",74982
NA,"강원도",10994
NA,"충청북도",9435
NA,"충청남도",10461
NA,"전라북도",9745
NA,"전라남도",11017
NA,"경상북도",16454
NA,"경상남도",30609
NA,"제주특별자치도",5893
"현(玄)","전국",88824
NA,"서울특별시",16494
NA,"부산광역시",4249
NA,"대구광역시",4899
NA,"인천광역시",4461
NA,"광주광역시",1130
NA,"대전광역시",2489
NA,"울산광역시",1429
NA,"세종특별자치시",411
NA,"경기도",21264
NA,"강원도",2208
NA,"충청북도",2170
NA,"충청남도",4829
NA,"전라북도",1622
NA,"전라남도",1104
NA,"경상북도",3860
NA,"경상남도",2646
NA,"제주특별자치도",13559
"형(邢)","전국",7239
NA,"서울특별시",1473
NA,"부산광역시",397
NA,"대구광역시",276
NA,"인천광역시",304
NA,"광주광역시",524
NA,"대전광역시",205
NA,"울산광역시",81
NA,"세종특별자치시",21
NA,"경기도",1743
NA,"강원도",70
NA,"충청북도",54
NA,"충청남도",117
NA,"전라북도",1051
NA,"전라남도",384
NA,"경상북도",162
NA,"경상남도",351
NA,"제주특별자치도",26
"호(扈)","전국",4340
NA,"서울특별시",1095
NA,"부산광역시",76
NA,"대구광역시",30
NA,"인천광역시",384
NA,"광주광역시",34
NA,"대전광역시",306
NA,"울산광역시",35
NA,"세종특별자치시",30
NA,"경기도",1362
NA,"강원도",80
NA,"충청북도",97
NA,"충청남도",534
NA,"전라북도",144
NA,"전라남도",24
NA,"경상북도",43
NA,"경상남도",63
"호(胡)","전국",1494
NA,"서울특별시",387
NA,"부산광역시",68
NA,"대구광역시",12
NA,"인천광역시",175
NA,"광주광역시",20
NA,"대전광역시",13
NA,"울산광역시",23
NA,"경기도",515
NA,"강원도",102
NA,"충청북도",43
NA,"충청남도",33
NA,"전라북도",24
NA,"전라남도",11
NA,"경상북도",26
NA,"경상남도",32
NA,"제주특별자치도",8
"홍(洪)","전국",558853
NA,"서울특별시",117677
NA,"부산광역시",26854
NA,"대구광역시",22936
NA,"인천광역시",34766
NA,"광주광역시",12944
NA,"대전광역시",16362
NA,"울산광역시",9626
NA,"세종특별자치시",3233
NA,"경기도",156297
NA,"강원도",25164
NA,"충청북도",20070
NA,"충청남도",22983
NA,"전라북도",17040
NA,"전라남도",13726
NA,"경상북도",22544
NA,"경상남도",25048
NA,"제주특별자치도",11583
"황(黃)","전국",697171
NA,"서울특별시",130120
NA,"부산광역시",50057
NA,"대구광역시",36410
NA,"인천광역시",40371
NA,"광주광역시",15543
NA,"대전광역시",22251
NA,"울산광역시",17722
NA,"세종특별자치시",3160
NA,"경기도",162432
NA,"강원도",20843
NA,"충청북도",20536
NA,"충청남도",26673
NA,"전라북도",25741
NA,"전라남도",23087
NA,"경상북도",45621
NA,"경상남도",52703
NA,"제주특별자치도",3901
"황보(皇甫)","전국",10383
NA,"서울특별시",1414
NA,"부산광역시",1019
NA,"대구광역시",1406
NA,"인천광역시",356
NA,"광주광역시",104
NA,"대전광역시",136
NA,"울산광역시",745
NA,"세종특별자치시",17
NA,"경기도",1686
NA,"강원도",276
NA,"충청북도",187
NA,"충청남도",177
NA,"전라북도",53
NA,"전라남도",158
NA,"경상북도",2152
NA,"경상남도",418
NA,"제주특별자치도",79
"기타","전국",123516
NA,"서울특별시",33389
NA,"부산광역시",5450
NA,"대구광역시",3370
NA,"인천광역시",7791
NA,"광주광역시",2684
NA,"대전광역시",2295
NA,"울산광역시",2007
NA,"세종특별자치시",349
NA,"경기도",35893
NA,"강원도",2750
NA,"충청북도",3363
NA,"충청남도",4679
NA,"전라북도",3482
NA,"전라남도",4172
NA,"경상북도",4248
NA,"경상남도",5711
NA,"제주특별자치도",1935
